cat1,cat2,name,raised,desc,ticker,start,end,www,,
Big Data,,lvx,,"Level01 is a peer to peer (P2P) derivatives exchange that allows investors to trade options contracts directly with one another, without requiring an intermediary or broker. Level01 combines Distributed Ledger (DLT) Technology for transparent and automated trade settlement on the blockchain, with Artificial Intelligence (AI) analytics that provides fair value pricing dynamically to counterparties in a trade, based on current & retrospective market data. The platform intends to effectively removes all forms of friction in the user experience present in conventional exchanges, such as fund deposits/withdrawals, multiple tier identity verifications, and wallet security concerns; allowing investors to fully focus on trading activities. The Level01 platform facilitates transparency & equality, and is designed to provide the most fair, efficient, even- level trading field for both retail & commercial investors.",LVX,1st Jul 2018,31st Dec 2018,https://level01.io,Hong Kong,
Business services,,fiii,10.708813,"Fiii aims to promote the wide acceptance of cryptocurrencies throughout the world. Fiii's ecosystem comprises of five different tech arms. FiiiPOS - The Only mobile instant cryptocurrency payment terminal in the world to be compatible with up to 1500 cryptocurrencies. Supporting unique DPoC. Over 2200 POS already launched in Asia and 15000 on order as of September 2018. FiiiPay - Mobile Wallet App compatible with FiiiPOS. Over 350k registered users as of September 2018. FiiiEx - CryptoCurrency exchange platform built to support FiiiPOS and FiiiPAY FiiiChain - Customizable blockchain framework enabling plug and play feature for commercial application FiiiCoin - Cryptocurrency created using FiiiChain, focusing on long term stability and commercial viability.",Fiii,1st Nov 2018,31st Dec 2018,https://fiii.io,Hong Kong,
Platform,,tokpie,,"TOKPIE is a unique peer-to-peer exchange where anyone, anywhere can buy and sell crypto assets for fiat money or cryptocurrency, safely and efficiently, through real-time auctions offering the best prices, using any payment method, FREE of charge. TOKPIE offers traders of all skill levels sophisticated features with unlimited scalability in a variety of use cases.",TKP,1st May 2018,5th Jul 2018,https://tokpie.io,Hong Kong,
Internet,,blockpass,,"Blockpass gives individuals control over their data and eliminates the painful process of having to constantly submit KYC data for every financial service or retailer they sign up for. For businesses, Blockpass is a shared KYC platform where a pool of pre-verified users is shared between businesses thus reducing the cost and time of on-boarding new customers.",PASS,31st May 2018,30th Nov 2018,https://blockpass.org,Hong Kong,
Art,,likecoin,5.323604,"LikeCoin aims to reinvent the Like by realigning creativity and reward. We enable attribution and cross-application collaboration on creative contents. With a reinvented Like button and our unique LikeRank algorithm, we trace content footprint and reward content creators by Proof of Creativity mechanism. Meanwhile, LikeCoin can only be purchased with ETH. For those who are new to the cryptocurrency, please purchcase ETH with fiat currencies such as USD, HKD or NTD at crypto exhanges. If you need any assistance, please don’t hesitate to contact us through the blue dialogue bubble at the bottom right hand corner of the token sale page.",LIKE,7th May 2018,21st May 2018,https://like.co,Hong Kong,
Other,,avinoc,,"AVINOC is a consistent, integrated and permissionless base data layer for decentralized, transparent and worldwide coordination of business flights within the general aviation, to achieve optimal utilization and reduce costs significantly. Every user involved in AVINOC possesses a local copy of all relevant data. This creates new opportunities for global, direct, permissionless, and fast communication between participants involved in the complex aviation business. AVINOC makes all necessary information of availability of staff and equipment visible in a decentralized manner. Efforts for communication and coordination can be reduced to a minimum or, in most cases, they can be totally eliminated.",AVINOC,15th Jul 2018,31st Jul 2018,https://www.avinoc.com,Hong Kong,
Business services,,emmares,2.365,"EMMARES is creating a global digital reputation of email content providers and their contents. Based on trusted evaluations and Quality score, recipients can find the best content based on their interests. Imagine a world of e-mail without spam, with only high quality targeted content. EMMARES, short for Email Marketing Rewarding System, is an evaluation system that highly benefits email marketers (senders) as well as email recipients (therefore everyone who uses email).",EMA,5th May 2018,30th Sep 2018,https://www.emmares.io,Hong Kong,
Business services,,alehub,4.681068,"The main aim of ALE - is to engage the technologies of decentralized applications for project management automation. It allows performing the search of works contractors and other labor force in the legal field. That is why we have created ALE – the platform to implement project management decentralized services, with a blockchain as a central element in it. One of the main ALE features - is to support multilateral smart contracts. By means of them, or, to be exact, due to the possibility to automatically administrate the relationship of the parties, the confiding environment is guaranteed. As for now, ALE is mirrored to Ethereum network in order to provide liquidity and to easier exchange listings. ALE is a security token, that grants a right for a share of ALE system profit.",ALE,25th Jul 2018,24th Nov 2018,https://alehub.io,Hong Kong,
Artificial Intelligence,,blackbox foundation,,"Blackbox is a group of PhDs, executives, and technologists joining forces to create the future of work - decentralized. Blackbox Token is used to manage people, teams, and projects as a distributed business operating system. Blackbox’s Deliverable Value Points (DVP) Proposal protocol is not influenced by socioeconomic factors resulting in a platform that is free of fees, politics, and other traditional organizational bloat. The protocol disincentives malicious actors and rewards those pursuing the common good.",BBOS,15th Jan 2019,15th Feb 2019,https://token.blackboxfoundation.org,Hong Kong,
Business services,,factr,,"Our mission is to bring decentralized, immutable Blockchain technologies to the logistics and freight industry, advancing and enhancing supply chain transparency, and enabling trusted global freight, fleet and logistics transactions management.",FTR,1st Jun 2018,31st Jan 2019,https://www.factrpay.io/#home,Hong Kong,
Banking,,kora network,12,"The Kora Network is a platform built on blockchain technology that unlocks global growth by linking the value in local ecosystems with global markets. We originate under-securitized assets such as agricultural cash flows, mining, corporate equities and bonds, and many more into security token chains. In doing so, we will create an efficient market, creating trust, security, and transparency.",KNT,18th May 2018,1st Jun 2018,http://kora.network,Hong Kong,
Banking,,localcoinswap,12.15,"LocalCoinSwap is building a P2P cryptocurrency exchange and launching an associated Cryptoshare ICO. LocalCoinSwap features a completely decentralized peer-to-peer trading structure. There are no centralized bank accounts, no verification requirements, and no restrictions on trade.",LCS,15th Apr 2018,15th Jun 2018,https://www.localcoinswap.com,Hong Kong,
Cryptocurrency,,tombola,2.85,"The first Cryptocurrency Lottery and Gambling platform based on Blockchain. Fair and fun, but no game fee spending. Tombola will be the standard of the world Game and Lottery platform.",TBL,1st Aug 2018,31st Aug 2018,https://www.tombola.io,Hong Kong,
Artificial Intelligence,,alchemysto,46.62,"Debt financing has traditionally been facilitated by conventional banks for the past few centuries. Recently peer-to-peer (P2P) lending platforms such as Lending Tree and Lending Club disrupted the industry as consumers sought alternative financing channels. The P2P Revolution"" was proliferated in the wake of the 2008 economic financial crisis and was further popularized as these platforms offered cheaper and more accessible access to financing. Alchemy believes the P2P lending industry is ripe for another wave of disruption with the incoming adoption of cryptographic technologies. We intend to become the leading P2P lending platform on blockchain technology.""",AFI,27th Aug 2018,10th Sep 2018,https://alchemycoin.io,Hong Kong,
Platform,,billion,,"Billion is a comprehensive and user-friendly set of tools designed for both active cryptocurrency users and for those who are only starting out in the crypto space. Billion will include all the elements necessary to satisfy the daily needs of a cryptocurrency user: a p2p exchange service with low conversion fees, an easy-to-use mobile wallet with support of multiple currencies, a marketplace accepting crypto payments, a guaranteed courier delivery service, a financial messenger, and an investment platform. The Billion app brings together such complex technologies as SPV architecture, Payment Code ID and Messenger based on Payment Code ID together with unique design of interface and integration of a large number of cryptocurrencies. The first module of the Billion ecosystem – Billion Wallet – is already available for iOS.",BLLN,1st Nov 2018,1st Feb 2019,https://billionapp.com,Hong Kong,
Cryptocurrency,,hybridblock,47.83,HybridBlock is the world’s most innovative trading and education platform for leveraging the disruptive technologies emerging from the blockchain space. It is an alternative for those who want to benefit from the explosive growth of cryptocurrencies without the high risk and complexity that accompanies digital asset trading. HybridBlock is simply the most efficient and effective way to participate.,HYB,23rd May 2018,6th Jun 2018,https://hybridblock.io,Hong Kong,
Cryptocurrency,,sword coin,20.66,"Sword Coin will implement a custom blockchain, allowing us to implement features specific to trading and fintech application platforms, and will be technologically tied to the award-winning Sword Capital brokerage software used in over 100 countries so that it will be available to the existing userbase of Sword Capital for use on our trading platforms. This assures a broad userbase that can make extensive usage of Sword Coin in their transaction right from the outset. Sword Capital will implement the technology to allow traders to easily and seamlessly use Sword Coin for conducting trading transactions using our existing trading platforms. In order to achieve this, the Sword Capital trading platforms will be integrated with the Sword Coin blockchain and the Sword Coin cryptocurrency exchange. Our Sword Coin integrated trading platform will be used to further develop and expand our business out of Hong Kong, where we have already established a company to focus on global business. Using sword coin for trading transactions through the Sword Capital platform will provide traders with advantages such as lower fees and other rewards. This will ensure widespread usage of Sword Coin and will also allow Sword Capital to perfect the blockchain technology for the Coin for use with trading platforms, as we have the full ecosystem for implementing and using the coin.",SWDC,1st Jun 2018,15th Aug 2018,https://ico.sword-coin.com,Hong Kong,
Cryptocurrency,,u run it,10,"It is time to change the game rules in the Gambling Universe. To break the established traditions we just need to give the control of the casino, to the players themselves. Meaning, absolutely all games, tables, poker rooms, slot machines, lotteries and so on are controlled by the gamers, they host games themselves and receive most of the profit. Meet URUNIT - The only gambling platform 100% managed by its community! Players control the house, host all the games and receive most of the profit.",URUN,1st Sep 2018,31st Dec 2018,https://www.urunit.io,Hong Kong,
Platform,,libellum,,"Libellum is the world’s most innovative supply chain verification platform for product certification, testing, and compliance. Libellum will make working with suppliers safe and secure - through its innovative platform. The Libellum platform will be comprised of 3 key features: 1. Our Web platform and Mobile application will list all verified and compliant suppliers. 2. Product Certifications made easy with our innovative L-ID system. 3. Each supplier will get a unique and encrypted digital ID system secured by blockchain technology. Online sellers will be able to prove product authenticity and compliance by integrating their verified products onto leading E-commerce platforms via our Libellum Plugin. By implementing Blockchain technology, Libellum will provide a leading platform that is safe for key components in the supply chain industry, including , Importers and Exporters , Customs Officials , Product Testing Laboratories , & more.",LIB,16th Nov 2018,15th Dec 2018,https://www.libellum.io,Hong Kong,
Platform,,midex,22,Midex. Digital asset exchange and financial platform. Among Midex top projects is the already working totally licensed cryptocurrency coin-exchange. So Midex now is a host platform for: 1. Midex Exchange 100% legal exchange open API round-the-clock trading transactions registry on the blockchain private keys are always accessible for clients exchange aggregator for simple arbitrage 2. Midex Banking debit cards own ATMs escrow service 3. Midex Trust fund. Asset management marketplace 4. Midex Credit P2P credit marketplace 5. Midex Business Blockchain development for businesses. Let's make it together! Join Token Sale!,MDX,15th Jan 2018,15th Apr 2018,https://ico.midex.com,Hong Kong,
Cryptocurrency,,simple token,22,"Simple Token is the bridge between cryptocurrencies and mainstream consumer apps. Any app can launch branded tokens on open scalable side-chains, powered by Simple Token, a protocol for consumer-app tokenization and an ERC-20 utility token.",ST,14th Nov 2017,1st Dec 2017,https://simpletoken.org,Hong Kong,
Education,,trends project,,Our platform is dedicated to providing calculated trading positions to maximise profit chances while educating our users on why they trade and how to optimize your trading pattern. Trends Project will create the world's largest community analysis platform to give everyone a maximized opportunity for profit.,TRND,15th Aug 2018,3rd Oct 2018,https://www.trendsproject.io,Hong Kong,
Communication,,authpaper,0.73004,"In the era of information technology, technology advancements have changed human lives by a lot. However, document delivery and huge data transfer, especially commercial and important ones, are still following years old methods, physical mailing. Physical mailing takes a lot of time and spends a lot of resources. Current digital delivery solutions are mostly centralized, privacy cannot be guaranteed. Authpaper Delivery combines blockchain, BT, cryptography and other current technologies to build a peer-to-peer digital data delivery platform. All data delivered is confidential except the specified recipients. Operations on the data are properly done and recorded among the peers so that the delivery histories are public verifiable yet unforgeable. Peers are rewarded by delivering the encrypted pieces of digital data and helping to run the platform with good will.",AUPC,14th Sep 2018,15th Dec 2018,https://authpaper.io,Hong Kong,
Cryptocurrency,,coinmetro,14.81533,"CoinMetro, a one-of-a-kind, licensed, and regulated financial platform that will fuel the future of blockchain innovation. Through a tokenized ecosystem CoinMetro provides a gateway for both novice and professional traders and investors to get involved in the crypto space with an ease of access not yet seen in the industry. Our goal, above all else, is to make sure that your overall CoinMetro experience is nothing short of exemplary.",XCM,21st Feb 2018,31st Mar 2018,https://coinmetro.com,Hong Kong,
Entertainment,,gifto,30,"Gifto Protocol - The Universal Gifting Protocol is envisioned to be a self-governing and self-sustaining ecosystem for virtual gifts to be created, curated, tracked, bought, sent and exchanged across any content platform such as YouTube, Instagram, Facebook, and Uplive. Asia Innovations Group (AIG) is the company behind GIFTO and the main product is the Uplive App : the fastest growing live streaming app. AIG is a Series B company with solid investor and advisors. Currently on track for 100 M USD (Revenue 2017), currently has 20 mil users, 60k content creators.",GTO,14th Dec 2017,14th Dec 2017,https://gifto.io,Hong Kong,
Infrastructure,,metabase network,,"Metabase Network is a high performance blockchain and smart opcodes platform for building next-generation businesses. A multidimensional blockchain system focused on developer usability, extensibility, scale, and security. We’ve created a blockchain infrastructure designed to empower developers, entrepreneurs and industry, to easily create advanced distributed applications and scale them into the market-leading businesses of the future. In Metabase, we are taking a hybrid approach for consensus. We utilise both PoW and PoS – in such a way that a balance is achieved between the two and their respective pros and cons. The Metabase Consensus Protocol, called DPoE – will iterate over two stages starting off with PoW and then to a dual consensus mechanism of dPoS (delegated Proof Of Stake). dPoS is a variant of PoS in which token holders vote to elect delegates who in turn validate blocks of the blockchain",META,4th Sep 2018,31st Jan 2019,https://metabase.network,Hong Kong,
Big Data,,nam,,"The NAM project is a project to combine artificial intelligence (AI) and block chain technology to bring about innovation in the Japanese medical system. NAM will solve problems using AI and block chains. The attention degree of NAM coins is getting very high in the world. We were very pleased that the content of the investors' questions also got matured content that got the target. In addition to receiving interviews from Japan and South Korea's most business-focused media such as the Nikkei Newspaper and Chosun Ilbo, we have a strong partner named weibo japan in China, and spread in Asia together with NAM COIN to NAM Project It also became a flow that can go actively.",NAM token,20th May 2018,20th Aug 2018,https://namcoin.net,Hong Kong,
Platform,,betex,10.23348,"Powered by Ethereum smart contracts, Betex brings indisputable transparency, fair conduct, and audible results to the binary options trading. With Betex, traders will be placing bets against each other and never against platform providers or any other intermediaries. Built with Blockchain technology, unlike traditional platforms, Betex will provide access to real-time data, thereby, ensuring absolute transparency of its system. So there is no doubt that all users are treated equally and fairly. Users will be forming one large common pool of liquidity for each underlying asset in order to maximize users' gain. The platform's commission will be 5% only, the liquidity will be derived from a common pool of brokers, and brokers themselves will integrate into the platform via the white label mechanism. This is the only platform, where as much as 95% of funds are distributed among traders who make correct assumptions. 2.5% (half of the platform's commission 5%) of the total platform turnover will be distributed among the holders of BETEX tokens, accordingly to the number of tokens they own.",BETEX,1st Mar 2018,15th Apr 2018,https://betexlab.com,Hong Kong,
Retail,,ccecoin,,"Ccecoin aims to be entirely decentralized and transparent trading ecosystem utilizing peer to peer process. CCE is building a vast trading network, or ecosystem, based on blockchain technology with an initial launch planned throughout the region of South East Asia in 2019. The ecosystem is based on bringing trading parties together within a fully decentralized and transparent trading process utilizing peer to peer networks.",CCE,1st Nov 2018,30th Nov 2018,https://www.ccecoin.io,Hong Kong,
Big Data,,cosmochain,33.36,"COSMOCHAIN is a universal beauty platform that connects cosmetics product users and content creators to cosmetic products suppliers, including cosmetics companies, brands, manufacturers, and distributors. Through the COSMOCHAIN platform, the team aims to solve the unmet needs of both companies and customers: 1) difficulties to find real information over fake/manipulated one as sponsored, 2) difficulties to benefit/monetize from contributing to data collection or contents creation, 3) issues regarding insecurity of personal information shared online, 4) difficulties to measure marketing ROIs from the influences to the conversion in full process, 5) difficulties to get real target user data for better R&D and manufacturing, and 6) absence of real targeted, personal market places to reach potential fans of the products/brands.",COSM,21st Apr 2018,20th May 2018,https://cosmochain.io,Hong Kong,
Platform,,gatcoin,14.5,"GATCOIN transforms traditional discount coupons, loyalty points and shopping vouchers into liquid, tradable digital tokens. Tokens from multiple merchants can be stored in one convenient app which also allows for in app shopping and features the GAT Exchange where user can trade unwanted tokens!",GAT Token,17th Dec 2017,5th Jan 2018,https://www.gatcoin.io,Hong Kong,
Banking,,hashcard,,Hash Card converts your cryptocurrencies to traditional currency in real-time via an instant conversion to Fiat ensuring the best exchange rates. Payment and withdrawals can be made anywhere that VISA/MasterCard is accepted.,HSHC,1st May 2018,12th Jun 2018,https://www.hashcard.io,Hong Kong,
Platform,,storiqa,25,"Storiqa is a marketplace with a wide range of functions for effective sales in the world of a new digital economy. The use of blockchain technologies destroys the boundaries between sellers and buyers, allowing the creation of a unique open trading platform with infinite growth potential.",STQ,28th Nov 2017,29th Jan 2018,https://ico.storiqa.com,Hong Kong,
Cryptocurrency,,the uxm,0.622561,"The UXM is a global transactions optimizer. It completely re-invents the concept of marketplaces by removing inefficiencies that needlessly increase buyer prices and seller costs. The UXM is designed to provide a common platform enhanced by blockchain technology to not only streamline the process of transactions, but also make it applicable to any type of transaction from a loaf of bread to a fleet of aircraft to a view of a social media site content to a click on a webpage to an offline action to a wholesale trade deal between manufacturer and retailer. Virtually anything can be monetized via the UXM.",UXM,28th May 2018,15th Nov 2018,https://www.theuxm.com,Hong Kong,
Smart Contract,,300cubits teu,1.45374,"Strong market penetration strategy: The TEU tokens are given for free to the industry which in return will create a new industry practice and hence demand for the TEU tokens. Management team with relevant industry background: Our founders have 50 years’ experience in shipping, currency and system development. Ready demand in the market: Industry is broke but in needs of tangible booking deposit. Our solution provides tangible deposit assets free of charge. Competitive offering relative to competing solutions: Competing solution is fiat-currency-based booking deposit, which is working capital intensive for the users. Easy system implementation: Our IT solution entails a crypto deposit dispatch front end, which is easy to develop and use. Ample usage potential: The same solution could be applied in multiple industry where booking is not securitized by any collaterals.",TEU,12th Apr 2018,12th May 2018,https://300cubits.tech,Hong Kong,
Banking,,aidus,3,"The AIDUS Global D-Fund Platform is a decentralized fund market established upon the ETHEREUM network to serve as a professional asset management platform in which global investors and asset management companies are able to use Blockchain technologies and SMART Contracts to safely and transparently create and settle into P2P (Peer-to-Peer) fund agreements. Various information regarding the settled fund agreements shall be registered in the Blockchain network and shall continuously be updated through the Oracles* Agent. This project, officially named as the ‘AIDUS Global D-Fund Platform (ADFP)’, is decentralized platform business by establishing a ‘decentralized fund market platform’ in which the AIDUS Coin will serve as the main currency that would be used for the signing and redemption of various fund portfolios. The platform will connect global investors (the demand group for the asset management) with professional asset management companies, while it would supply the ‘Quant Trading System(QTS)’ to the asset management companies in order for them to create various high-profit fund items, all aiming at truly revolutionizing and establishing a new ecosystem of global asset management market. This ‘ADFP Business’ is the first ever unique project in the entire world that can only be pushed forward by the unique members here in the AIDUS Project Team.",AID Token,1st Oct 2018,12th Jan 2019,https://aidus.io,Hong Kong,
Cryptocurrency,,airswap,36,"We present a peer-to-peer methodology for trading ERC20 tokens on the Ethereum blockchain. First, we outline the limitations of blockchain order books and offer a strong alternative in peer-to-peer token trading: off-chain negotiation and on-chain settlement. We then describe a protocol through which parties are able to signal to others their intent to trade tokens. Once connected, counterparties freely communicate prices and transmit orders among themselves. During this process, parties may request prices from an independent third party oracle to verify accuracy. Finally, we present an Ethereum smart contract to fill orders on the Ethereum blockchain.",AST,10th Oct 2017,11th Oct 2017,https://www.airswap.io,Hong Kong,
Platform,,matrix,54,"The invention of Bitcoin in 2008 symbolized the advent of cryptocurrency. The succeeding years witnessed a dramatic growing of the blockchain technology. The introduction of Ethereum opened the path for supporting complex business behaviors with cryptocurrencies. The overall momentum of development, however, is now facing a series of key challenges. These include: (1) slow transaction speed; (2) programming barrier of smart contracts; (3) lack of security in smart contracts; and (4) inflexibilities in managing and updating blockchains. Designed to be the new generation blockchain, MATRIX leverages the latest artificial intelligence technology to resolve the abovementioned challenges. The fusion of blockchain and AI technologies enables MATRIX to build a revolutionary cryptocurrency, which support significantly boosted transaction speed, superior accessibility to general users, enhanced security under malicious attacks, and highly flexible operations.",null,16th Jan 2018,15th Feb 2018,https://www.matrix.io,Hong Kong,
Cryptocurrency,,uservice,23.829663,Uservice Blockchain Technology is an Ethereum blockchain platform where smart contract system will be used not only for processing requests for the auto service and maintenance but also for storing the history of every car on a single blockchain for further optimization by industry players.,UST,18th Dec 2017,1st Feb 2018,https://usrv.io,Hong Kong,
Platform,,bfex,,"BFEX is a futuristic platform intending to become a bank for the un-bankable, giving back the power to the people whom it belongs to. What distinguishes our platform is that we have developed the 'Decentralized Social Trust Credit Scoring'. We believe in a world where people have equal access to financial resources, with the helping hands of the privileged groups. This is why BFEX was established. We create a platform which serves as a bridge between the privileged and the opposite side of the society. We're also making sure that our token utility will be sustainable, as we focus sustainable growth over profit, by launching the BPAY application. BPAY application provides a payment solution, allowing users to pay for goods and services from BFEX business partners across the globe.",BFEX,1st Jan 2019,28th Feb 2019,https://bfex.io,Hong Kong,
Investment,,bftoken,33,The global online investment platform that brings financial innovation & technology investment opportunities to investors - Invest in the future of finance.,BFT Token,6th Feb 2018,16th Jan 2018,https://bnktothefuture.com/bf-token,Hong Kong,
Health,,vinnd.io,,Vinnd is building the world’s first decentralized digital healthcare platform to run express blood tests to evaluate your health featuring machine learning opportunities and blockchain technologies. Vinnd is designed to form individually - crafted diets based on your blood test results. A drop of blood may reveal what kind of products would positively affect your metabolism.,VIN,18th Jan 2018,18th Feb 2018,https://vinnd.io,Hong Kong,
Business services,,agrolot,,"Agrolot Project is the decentralized platform on the B2B market for trading agricultural crops, food products, and is running as a crowdfunding project built on Blockchain technology with the idea of Smart Contracts.",AGLT,1st Jul 2018,28th Sep 2018,http://agrolot.io,Hong Kong,
Platform,,cooocoin,,"Cooonet is a fully integrated high-performance digital solution for online learning. Originally a Hong Kong-based edutech start-up, the Cooonet team has embraced blockchain technology to uniquely empower its product design and business model.",COOO,1st May 2018,1st Sep 2018,https://www.cooocoin.com,Hong Kong,
Platform,,crypto cashback rebate,,"We offer a platform to reward investors and traders via Cashback, Rebates and Discounts. Unlike many blockchain startups, we already have an established business which goes beyond a vision and a roadmap. Our solution make the market more effective, with higher volume and highest liquidity. Complete solution from CryptoCashbackRebate.com is a big chance for all the investors to receive maximum from each of their investment in the crypto currency market.",CCR,4th Apr 2018,18th Sep 2018,https://www.cryptocashbackrebate.com/ico,Hong Kong,
Communication,,e-chat,,"Decentralized Multi-tasking Messenger with capabilities of a multi-currency crypto-wallet. e-Chat incorporates all the best: • Awesome Messenger (chat, audio, and video calls) • Personal Finance (receive, transfer and exchange money using integrated multi-currency crypto-wallet or attach your credit card to pay for goods and services) • Best viral content • Ultimate Privacy and Security • Great Sustainability e-Chat Messenger has all standard functions such as the transmission of text, images, voice, video, files, stickers, secret chats, etc. but also offers these unique features: • SCREENS. Swipe left or right to switch between chats, rooms, and channels. • Use bots. The e-Chat platform allows bots for a variety of tasks. • Confidentiality. All data is encrypted with MTProto and diffused over the network of millions of computers around the globe. • Security. The highest level of security and privacy is provided by proofof-replication and proof-of-spacetime consensus, as well as with a robust codebase.",ECHT,8th Jan 2018,1st Mar 2018,https://ico.echat.io,Hong Kong,
Business services,,enecuum,,"The project was created as an ideal environment for decentralized applications and business applications. The basic requirements that we set for the project are scalability, speed and security. Using revolutionary developments - mobile mining, smart contracts on Petri nets and linear logic, a hybrid consensus algorithm and project management based on the time contribution to its development and many other solutions, we have created a protocol of tomorrow. Distributed experienced team is constantly working in Hong Kong, Dusseldorf, St. Petersburg, Seoul in order to launch the network and give everyone the opportunity to feel the block of tomorrow.",ENQ,21st Jun 2018,31st Dec 2018,https://enecuum.com,Hong Kong,
Retail,,galaxy esolutions,12,"Galaxy eSolutions (GES) is a Global eCommerce marketplace for refurbished and pre-owned consumer electronics. Operating as an open source ecosystem and incorporating the hybrid P2P Blockchain platform onto one of the marketplaces for phone trade-in that has a direct C2B and B2B model. This blockchain will be used for recording details of the goods, the logistics and transactions. It will reduce inefficiencies caused in supply chain, and resolve any supplier credibility issues. The tokens will become utility tokens and will be able to be used on the blockchain platform as discounted listing fee and transactions.",GES,28th Feb 2018,31st Mar 2018,https://galaxy-esolutions.com,Hong Kong,
Infrastructure,,gre,3.8585,"Global Risk Exchange (or GRE"") is a blockchain based  decentralized global risk exchange market  with the purpose of helping individuals  companies and organizations to hedge  trasfer and trade their risks. GRE completely reconstructed traditional risk management tools(insurance and derivative contracts) in a decentralized way  and will become the underlying operation system to support insurance and derivative industry in the era of blockchain.""",RISK,18th May 2018,24th May 2018,https://www.gref.io,Hong Kong,Hong Kong
Cryptocurrency,,kryptonium,,"Kryptonium is a cryptocurrency based on Cryptonote, which enables enhanced levels of privacy with features such as Ring CTs, i2p, Ghost and will facilitate the introduction of private smart contracts.",KRYP,13th May 2018,30th Jun 2018,https://kryptonium.io,Hong Kong,
Health,,md tokens,,"Our mission is to make healthcare really simple. That includes everything from seeing a doctor and getting medication, to keeping your employer in the loop and making insurance claims. In 2012, we started a digital platform that integrates all aspects of healthcare into one easy-to-use solution. It connects patients to doctors, pharmacies, insurers and laboratories.",MDTK,10th Mar 2018,10th Apr 2018,https://www.mdtokens.com,Hong Kong,
Artificial Intelligence,,qompass,2,"Harnessing the Power of AI, Neural Networks and Active Leverage to power Crypto Trading.",QPS,5th Apr 2018,30th May 2018,https://qompass.io,Hong Kong,
Platform,,transmission,0.55,"Transmission allows multi-currency transfers between network users. For example, if you need to send an ETH from US to China and the recipient must receive it in CNY, with cost not exceeding more than 1%, than Transmission is the right place for you. Compare two others transfer services our commissions for all transaction is 7 times lower.",TMN,30th Aug 2017,19th Sep 2017,http://tmission.io,Hong Kong,
Infrastructure,,astrcoin,,"Asteroid, Ltd. is building a decentralized database whereby private individuals, corporations and nation states can register claims on mining rights to over 600,000 identified asteroids in our near celestial orbit using a smart contract and proprietary BlockClaim® mechanisms. The system will be modelled after ICANN, a system familiar to us all, whereby individuals who desire to “claim” a website address apply for a specific website and register their domain.",ASTR,6th Nov 2017,20th Jan 2018,https://www.astrcoin.io,Hong Kong,
Platform,,bryllite,1,Give gamers ownership of game assets. Distributed database beyond the boundaries of the game. Provide fast and safe trading of game assets without transaction fees.,BRC,16th Jul 2018,30th Jul 2018,https://www.bryllite.com/en,Hong Kong,
Cryptocurrency,,chubex,,"Chubex Exchange is the new revolutionized digital asset trading platform and has now launched the CBX tokens, making it the first open decentralised digital asset exchange platforms in Asia that with a zero-knowledge protocol that ensures anonymity, privacy, and transparency of any transaction carried out in any cryptocurrency in our exchange in Ethereum smart contracr based blockchain technology. Chubex is eliminating many dissavantages of current centralised and decentralised platforms by developing multiple components needed for creating an end-to-end cryptocurrency ecosystem. Chubex exchange do not hold any of our users assets, and with chubex innovative method of trading cryptocurrencies directly from one individual to another, this new method eliminates any personal information and all escrow, vouchers, and middlemen services, most importantly hackers, the exchange biggest security issues. All investors have the freedom to the trade cryptocurrencies without having to disclose any personal information by registration, without a central party, without the use of a voucher or an escrow service, and without any intermediator coin. The project appears to impose no withdrawal limits and currently features almost one hundred blockchain coins for trading with the aim to scale into thousands. Chubex is designed to facilitate the development of the open digital asset platform with full details available on the website.",CBX Token,1st Jun 2018,31st Jul 2018,https://www.chubex.io,Hong Kong,
Platform,,coinfi,15,"CoinFi offers crowdsourced and professionally curated research, analysis, trading signals, trading algorithms, and market-moving news to give cryptocurrency traders the real-time market intelligence needed to gain an edge. It's been called the most powerful cryptotrading analysis tool and the first decentralized market intelligence platform.",COF,8th Feb 2018,18th Feb 2018,https://sale.coinfi.com,Hong Kong,
Platform,,dagnetsto,,"What is the profit of a DAGNet ICO investor? The yield on DNT tokens is formed of the commissions for transactions in DAGNet. If there are 100,000 active DAGNet platform users, the estimated annual yield on a DNT token will amount to 60%. You can get more detailed information in the unique commercial offer of DAGNet.",DNT Token,1st Nov 2018,25th Dec 2018,https://dagnet.one,Hong Kong,
Internet,,ethearnal,0.218482,"Ethearnal is peer-to-peer (P2P) freelance system, in which employers and freelancers meet, enter into trustless smart contracts with reputation and money in escrow, and take advantage of a decentralized system of moderators, if needed. We collide reputation and economic initiatives into one by tokenizing reputation and giving it value. Thus, all parties, moderators included, have strong and aligned initiatives to act honestly, since everyone has something of value at stake, as well as something to gain if the desired outcome is achieved.",ERT Token,28th Feb 2018,1st Apr 2018,https://ethearnal.com,Hong Kong,
Investment,,take profit,1.083204,"Take Profit is an expert platform in which experienced traders offer their recommendations (signals) for investing cryptocurrency, and users can buy and use these recommendations. TakeProfit provides professional traders with an opportunity to monetize their skills by directly selling them to their subscribers. Subscribers can earn income using the skills and recommendations of traders. To do this, subscribers get access to indicators of the performance of a specific trader — TakeProfit rating, average yield of signals, frequency of publications, risk level, etc. This allows you to make a rational choice within your market strategy. Such a tool is useful as for a professional, who needs fresh ideas, and for a beginner who does not understand the market trends and is afraid of being deceived. The free subscription form includes the ability to view the history of Trader’s closed publications posted with a delay and the number of published active signals. The paid form in addition to the possibilities of free subscription allows you to see active published signals of the Trader, follow them and make a profit.",XTP,14th Mar 2018,31st Mar 2018,https://takeprofit.io,Hong Kong,
Entertainment,,uunio,,"Creators invest their time and effort into creating a content. But most of them do not receive proper compensation for their work. Conventional blockchain-based compensation-driven social media platforms limit the number of days for which content creators are paid for their work. UUNIO disagrees with this method of compensation. Content compensation should not be limited by time or unfair conditions. Therefore, UUNIO decides to reward content creators fairly and create Uniful Chain! Uniful Chain is Contents Reward Platform which issues a fixed amount of tokens every day for contents creators, contents curators, interest pool and node maintenance for each dApp using our Rest A.P.I.. In addition, our mission is to remunerate the contents creators and users as owners of the community.",UUNIO,1st May 2018,30th Jun 2018,https://uun.io,Hong Kong,
Platform,,zipper,3.2,"Zipper is an Ethereum based mobile platform which brings blockchain based services to our smartphones in one seamless and user-controlled experience. At first, Zipper provides everyday smartphone users an easy and safe way to manage their identity and private keys. This makes it possible for anyone to access blockchain based services out-of-the-box in an easy and intuitive way - just like Apple’s services on iOS today - while being in full control of their identity, transactions and data. Zipper works in an isolated compartment in Android and Sailfish OS smartphones, making Zipper and its wallet secure while still easily accessible.",ZIPT,30th Nov 2017,4th Jan 2018,https://zipperglobal.com,Hong Kong,
Investment,,advanced miners,,"The mining market is in hands of several large companies. Advanced Miners is here to change the situation and provide you the most up-to-date ASIC mining-stations and electricity at 3-4 cents per kilowatt. In 2016 we’ve created the first mining farm in North China, and now we launch new online-platform which would allow online-mining to any person. Our new ASIC generates 28 Th which is twice as large as S9 offers at the same price and practically the same power consumption. Only Advanced Miners investors will have the possibility to use its capacities. Our mission is to make bitcoin more decentralised with more new pools and various mining hardware.",ACM,15th May 2018,15th Jul 2018,https://advancedminers.io,Hong Kong,
Cryptocurrency,,buron,,"We are creating next generation software for cryptocurrency mining. Simple remote control and monitor your GPU or ASIC miners. Analytics for all possible indicators, pool and third services data aggregation, lightweight ETH miner and solutions for mining hotels.",BURC,21st Dec 2017,21st Dec 2018,https://buron.io,Hong Kong,
Smart Contract,,contractnet,2.661505,"ContractNet is optimized for lower memory devices. These external devices will interface directly with the ContractNet network, or with oracles acting as intermediaries between the devices and the blockchain, to securely exchange data with smart contracts on the blockchain. It provides entrepreneurs with a platform to host their businesses, using our proprietary blockchain and smart contract technology and using the CNET coin as the medium of exchange.",CNET,10th Mar 2018,20th Mar 2018,https://contractnet.com,Hong Kong,
Big Data,,cytecoin,,"CyteCoin - a crypto-currency that builds the underlining infrastructure layer of AR/VR/360 advertising ecosystem. Through the tokenization, content producers, event organizers, KOLs, sponsors, advertisers, merchants, and audiences can now be promoting and transacting their products and services by a unit of CyteCoin. This decentralization model will also be accelerating the adoption of AR/VR/360 content consumption making CyteCoin the most powerful and widely accepted crypto-currency in the digital advertising space.",CTC,16th Jun 2018,31st Aug 2018,https://www.cytecoin.io,Hong Kong,
Investment,,equitybase,5.831278,"Equitybase is a end-to-end securities token ecosystem for project assessment, credit valuation, liquidity event entirely on the blockchain. equitybase allows issuers to offer asset backed investment opportunity directly to investors worldwide.",BASE,14th Mar 2018,1st May 2018,https://equitybase.co,Hong Kong,
Communication,,fixy network,0.48035,"Fixy Network makes it possible for people to use cryptocurrency in their day to day life. The Network will include a decentralized marketplace and a decentralized OTC exchange. We provide Fixy Gift Card, which is going to be available in every corner store and be sold in FIAT easy access.",FIXY NETWORK / FXY,16th May 2018,31st May 2018,https://www.fixyapp.io,Hong Kong,
Platform,,homni,,"Homni is a new decentralized messenger using Blockchain Technology aimed at providing communication security with the ability to commercialize personal content while maintaining complete anonymity. To use Homni, one does not need to provide any personal information - neither a phone number, nor an email address. The messenger system allows one to remain completely anonymous, with no disclosure of information regarding the identity of the user or the recipient of messages; therefore, any disclosure of identities or content is impossible, meaning that users are safe from all backlash related to their conversations on Homni.",HOMNI,26th Nov 2017,26th Dec 2017,https://www.homni-tech.com,Hong Kong,
Health,,kynson,5,"Kynson ecosystem integrates blockchain technology for providing robust functionalities to fitness, health and outdoor sports enthusiasts, with significant gamification components for making active lifestyle more interesting and rewarding.",KYN,1st Dec 2018,1st Feb 2019,http://kynson.io,Hong Kong,
Cryptocurrency,,medcash,,"MedXchange is the first blockchain-based system for the $340 Billion global medical supplies industry, which will grow to $435 Billion in 2020. MedXchange will allow the suppliers (“Sell-side Users”) of medical supplies to directly and securely transact with patients and end customers (“Buy-side Users”), reducing delivered medical supply costs globally and making it more affordable for patients and end users, while at the same time improving margins for beleaguered medical device manufacturers. This will improve quality of life and save lives, while enhancing the long term viability and innovative vibrancy of medical supply companies. Transactions on the MedXchange system will exclusively be facilitated by our MedCash (MEDCASH) token.",MEDCASH,1st Apr 2018,31st May 2018,https://www.medxchange.io,Hong Kong,
Platform,,nitro,2.702293,A global platform that empowers anyone to partake in the video-games economy. First blockchain-based open economy in the world to be backed by a publicly traded company – Australian Securities Exchange listed iCandy Interactive Limited (ASX: ICI). Supported by game industry veterans and venture investment professionals.,NOX,30th Nov 2017,26th Dec 2017,https://www.nitro.live,Hong Kong,
Platform,,project zephyr,1.37,"Bitspark is launching Project Zephyr to eliminate banks from the remittance industry by rolling out 180+ fiat pegged cryptocurrencies via the Bitshares Blockchain and making Bitspark’s Money Transfer Operators a decentralised cash in, cash out network worldwide. Zephyr Tokens will be used to reward those who economically benefit Bitspark’s remittance network and 25% of fees from successful transactions will be used to buy back tokens from the Zephyr market.",ZEPH,6th Oct 2017,6th Nov 2017,https://zephyr.bitspark.io/#,Hong Kong,
Tourism,,tio tour guides,0.103261,"Creating a social platform for people to find tours that meet their personal preferences or create a special tour themselves and pay for services using Tio tokens, either directly or via our Escrow Service. A place for tourist, tour guides and tour operators to interconnect.",TIO,29th Aug 2017,25th Sep 2017,https://tiotourguides.com,Hong Kong,
Platform,,vrexplosion,,World’s First Decentralized Platform Joining Virtual Reality and Neurocomputer Interface with Blockchain Technology.,VRE,15th Nov 2018,15th Jan 2019,https://vrexplosion.pro,Hong Kong,
Platform,,xfermoney,,"Xfermoney is founded in May 2017 by a small group of like-minded individuals who have been fans of blockchain for years and carry vast experience in the forex and payments industry. XferMoney is a secure, transparent peer-to-peer (P2P) foreign currency exchange platform built on blockchain to enable instant, reliable international money transfers. Platform is designed to disrupt and replace the traditional way of money transfers by connecting participants directly to exchange money and cut down the middleman, banks or brokers plus costs associated with them.",XFM,16th Feb 2018,31st Mar 2018,https://xfermoney.io,Hong Kong,
Business services,,xmp,,"X Motion Pictures is a decentralized platform that runs XMP, a global filmmaking currency. XMP users including filmmakers, investors, studios and corporations will access utilities within the XMP member’s portal including smart contracts and instruments for accounting, finance administration, marketing and communication required to streamline the operations of the film business. XMP will use the Ethereum blockchain technology to create smart contract templates and to facilitate payroll, film distributions, film investments, copyright arrangements and business plans. XMP users will also gain access to strategic alliance partners including lawyers, accountants, film crew and marketing agencies to expediate their film business transactions.",XMP,2nd Nov 2018,30th Nov 2018,https://www.xmotionpictures.io,Hong Kong,
Internet,,yuan developers coin,0.026,"The YDS is the ERC-20 token issued by the Hong kong Yuan Developer group Limited (hereinafter referred to as Yuan Developer). It is based on the Internet + real estate research and development of a virtual currency, for anyone in the world to provide real-time, nearly zero of the cost of payment. YDS will circulate in the real estate industry at home and abroad. And Yuan Developer will cooperate with developers in Philippines, Thailand, Vietnam and Malaysia to use YDS to buy properties in the Yuan Developer to enjoy a real estate price discount, which is cheaper than directly buying 20%~30% directly through real estate developers, this really benefits buyers. We will also purchase land, build resorts, hotels, corporate buildings, and 6-star tourist and medical residences in various places, and place contracted businesses in all the facilities of the Yuan Developer to form a new type of business circle.",YDS,2nd Jul 2018,2nd Aug 2018,http://yds.city,Hong Kong,
Energy,,krops,,"Krops has ambitious goals for its platform. The platform wants to do more than just connect farmers with sellers. The platform wants to help solve the global food crisis. The Krops website explains that agricultural supply is struggling to keep up with demand. Meanwhile, farmers around the world are suffering from inefficient production techniques and inefficient trading. Krops wants to solve that problem by connecting farmers directly to customers. KropsCoins are now available through a pre-sale, which is scheduled for December 15, 2017 to February 15, 2018. A general ICO will then take place from March 1 until April 30, 2018.",KRO,15th Dec 2017,14th May 2018,https://www.mykrops.com,Hong Kong,
Communication,,onz coin,1.53306,"The ONZ team strongly believes that the social interactions are a fundamental human need. These days, we face a crisis of separation arising from differing ideals in politics and ideology. When people turn against each other, it can lead to distrust and loneliness. The ONZ team believes that with the right technology, we can potentially help solve this problem.",ONZ,5th Feb 2018,4th Mar 2018,https://www.onzcoin.com,Hong Kong,
Casino & Gambling,,playcoin,33,The Game Platform Based on Blockchain Technology. PlayCoin was established to innovate the structures of monopolized gaming and digital marketing industry. Reward-based media contents platform and social-based game platform are provided by being linked with blockchain technology.,PLY,15th Feb 2018,24th Mar 2018,https://playcoin.game,Hong Kong,
Platform,,sintez,,"Our mission is the synthesis of platform and ecosystem of projects around it. Our project is a unique solution that includes 2 key know-how: - Smart Investing allows to flexibly and accurately identify the needs of the investor and most effectively implement without having to choose the strategies and managers yourself! It also will be interested for traders (private, management companies, funds, banks) to attract capital to management. Smart Investing implies the creation of a market for professional management services. - The digital currency, which is completely decentralized and, by virtue of its technology, always remains as stable and liquid as possible. Another components of Platform: Exchange, Marketplace, Enterprise Integration We create ecosystem with full stack of financial services",SINT,17th Mar 2018,17th Apr 2018,https://sintez.global,Hong Kong,
Business services,,eosex,1.886891,"EOSex leverages the power of the EOS platform to create a unique business model, which shares 100% of exchange profits with EXP token-holders, thereby creating a truly fair, open, and community-based exchange that is owned by all token-holders. In addition to the trading of cryptocurrencies, EOSex will also offer trading in CFDs, as well as on-chain token trading - thereby satisfying the needs of all types of investors. The founding team was an early adopter of the EOS platform, having already worked on a number of successful EOS-based projects. Thus, the team was able to clearly see early on the strong potential of the EOS platform and of the EOS community and moved to establish the EOSex.com website to begin building a platform that could capitalize on the coming explosive wave in digital asset trading on the EOS platform.",EXP Token,15th Oct 2018,30th Nov 2018,https://eosex.com,Hong Kong,
Platform,,faxport,,"Faxport is a blockchain-based sports business service platform. Faxport will utilise naturally decentralised and unalterable distributed ledger technology to increase security and mutual trust levels, whilst also reducing abuse and establish a trust system for the global sports industry. Thereby, we provide a platform for participants with a user experience based on trust and security.",FAS,25th Apr 2018,10th Jun 2018,https://faxport.io,Hong Kong,
Entertainment,,mtcash,,"MTGamer builds a decentralized platform with Blockchain technology and creates a multibillion ecosystem: Create decentralized Player Passport by blockchain technology. Establish a transparent and reliable Social Network where executes rules of interaction and transaction by Smart Contract. Form a secured eSports Database to store the data of players, tournaments, and transactions. Organise licensed eSports tournaments to generate and collect the data of eSports. Develop MTChain, a system with efficient performance by adopting an effective development framework at application layer, to conduct transaction with high speed, low cost, and strong security. Raise the users and rich the system by compensating token to all parties contributed the decentralized platform.",MTC Token.,16th Apr 2018,30th Apr 2018,https://mt.cash,Hong Kong,
Platform,,real property token,0.8,We are offering a token that can be used on our Peer to Peer Real Estate platform and used to participate in property projects that our token holder community upload to the platform. We also plan to use roadshows and workshops to build our brand through education. There are hundreds of fiat Peer to Peer platforms that can all benefit by adopting our token for their payments and smart contracts for security.,RPT,11th Dec 2017,10th Jan 2018,https://www.rptoken.io,Hong Kong,
Banking,,vicecoin,5,"Even the most passive digital enthusiast can’t help but be amazed by the system built around this sensational coin! This remarkable Crypto Currency can be used for both offline and online payments, performing in similar fashion to a prepaid credit card. The only notable difference being, the card doesn’t hold any actual Fiat currency value, but instead the soon to be coveted ViceCoin value. When transactions are made, the payments made with these digital beauties will go through a ViceCoin payment network which will then automatically switch the ViceCoin for the fiat value it holds through the ViceCoin itself. Simple as it is genius! Now these so-called “vices” that users will be using ViceCoins for might be viewed by some to be a bit morally misguided, but the fact is this - we spend an enormous amount of our money on our hedonistic needs and that number will only get bigger as more and more people move up the economic status chain.",VCE,30th May 2018,23rd Jun 2018,https://vicecoin.com,Hong Kong,
Big Data,,crowdif,,"CrowdIF is a path-breaking, first-of-its-kind cryptocurrency trading platfrom which is capable of harnessing the power of the Collective Intelligence of the Crowd and includes it in a major way in its crypto-trading strategy. CrowdIF is the only crypto trading platform which is capable of objectively gathering something as abstract as market sentiment and quantify it. We call this quantified market sentiment - The SentimentScore. This is our secret rocket fuel.",CIF,15th Jun 2018,6th Jul 2018,https://www.crowdif.com,Hong Kong,
Cryptocurrency,,digital gold,,"Digital Gold is the world's first cryptocurrency to realize a secure remittance settlement system through its own blockchain technology based on resource development such as gold. Digital Gold aims to penetrate worldwide as a standard of international virtual currency while revitalizing existing economic system. Many people recognize the new value created by every individual and every company, and we continually develop and build an environment that can trade with confidence.",DG,21st May 2018,30th Sep 2018,https://www.digitalgold-laboratory.com/index.html,Hong Kong,
Business services,,mondo,0.013792,"Find any contacts, freelancers all around the world. Open rating system.",MND,17th Nov 2017,31st Dec 2017,https://mondo.one,Hong Kong,
Business services,,red pulse,15,"China’s economy is already the 2nd largest in the world in terms of nominal GDP, and 1st in terms of purchasing power parity (PPP). However, as a market for investment and industry participation, it remains incredibly difficult to understand. This disconnect presents a huge opportunity to platforms and services that can bridge this informational gap. The problem is made all the more challenging to solve by several critical circumstances.",PHX,8th Oct 2017,8th Oct 2017,https://coin.red-pulse.com,Hong Kong,
Artificial Intelligence,,yudi,,"Multi-Crypto Auto Trading System by Deep Learning Make profits while sleeping with Yudi deep learning arbitrage trading platform. Up to 30% profit per month, daily paid in BTC with a minimum requirement investment. We work every day to make the system more efficient by utilizing Deep Learning technology. Our arbitrage platform uses Deep Learning technology that triggers an average of 1000+ arbitrage opportunities monthly. All arbitrage trades will be traded automatically by our platform. No more stress observing the price movements for long hours. When an arbitrage situation arises, our platform will trigger and do the rest to make a profit for you. Your daily profit statement will be sent to your account trading upon completion on a daily basis.",XYD,1st Aug 2018,31st Aug 2018,https://yudi.io,Hong Kong,
Cryptocurrency,,capdax,10.926694,"Capdax is a cryptocurrency exchange for beginner and professional traders alike. A simplified “easy mode” interface allows for an easy to understand introduction, while experienced traders will find a full suite of powerful tools and lightning fast trade execution speeds. Featured copy-trading allows traders to seamlessly follow the portfolios of others.",XCD,17th Feb 2018,17th Mar 2018,https://capdax.com,Hong Kong,
Banking,,coindaq,,"COINDAQ “CDAQ” brings transparency, regulation and security to digital currency and assets through; proof of identity, company profiles, corporate announcements and simple reporting obligations. The CDAQ is an international blockchain based indice which covers multiple asset classes, including equities, derivatives, debt, commodities, structured products, utility tokens and exchange-traded funds.",CDQ,12th Feb 2018,24th Apr 2018,https://www.coindaq.co,Hong Kong,
Platform,,cryptoisbn,,"Crypto‐ISBN is a 20 Digit Number also called as “Crypto International Standard Block Number” for identifying title ownership of digital and print media rights through smart contract using block chain technology. This includes identifying title ownership of digitalmedia encoded in machine readable format using distributed ledger system or Print media title ownership using block chain technology.""",ISB,1st Dec 2017,10th Feb 2018,https://www.cryptoisbn.com/c,Hong Kong,
Business services,,iquant chain,,"IQT is a Smart Contract Token created by IquantChain, the world's first quantitive automatically trading platform. It is based on Ethereum platform. IQT is not only listed on the exchange, but also the only available currency on out IquantChain Platform. Once you get our IQT Token, you can choose to sell on the exchange, you can also invest on out platform to earn money.",IQT,25th Sep 2017,25th Nov 2017,http://www.5iquant.org,Hong Kong,
Platform,,mining seconds,,"The concept can be universally applied to all utilities as time has always been the common denominator of all forms of return. After a selection process, we chose the traditional gold mining business as the first application of MSEC, mirroring the mining contract of mining pools for cryptocurrencies. The particular mining project is chosen based on, inter alia, its comparatively low risk nature.",MSEC,30th Jun 2018,30th Jun 2018,https://www.minesec.io,Hong Kong,
Communication,,rom,,"ROM is a decentralized data communication hybrid service that produces more values by using a user’s idle communication resource through a multi-platform that combines IPTV, communication, and game services.",ROM,23rd Aug 2018,13th Sep 2018,http://romchain.io,Hong Kong,
Artificial Intelligence,,delta,,"Delta - new semantic platform for business and IoT, where entered high level math methods from Sobolev Institute of Mathematics and new blockchain technology. Verified semantic contracts, fast transactions, blockchains constructor and own cryptocurrencies.",DELTA,1st Sep 2018,1st Jan 2019,http://delta.money,Hong Kong,
Platform,,flying money,,"Flying Money provides currencies, equities, commodities and other financial assets and instruments as standard ERC-20 tokens on the Ethereum blockchain. Our digital tokens will be traded on global digital exchanges and backed 100% by an equivalent asset, held in an independent trust to protect customers and audited by one of the world’s leading accounting firms.",FML,30th Mar 2018,30th Apr 2018,http://www.flyingmoney.io,Hong Kong,
Platform,,unolabo,0.737773,"Provides opportunities to get demand for skills and encourage professional growth of specialists on the freelance market. UNLB - utility token provides a convenient payment system and P2P payments between freelancers and customers of the platform. Due to a combination of factors: increase of user’s number, increase in number of deals and the frequency of transactions between users on the platform, the growth of the average check for transactions on the platform.",UNLB,25th Jan 2018,30th Apr 2018,http://ico.unolabo.io,Hong Kong,
Cryptocurrency,,tibrix,,"Creating new, stable and scalable solutions by combining and integrating High-Frequency Trading principles with Blockchain technology. TIBRIX allows participants to exchange cryptocurrencies or exchange anything of value with Smart Contracts.",TBRX,28th Aug 2018,19th Sep 2018,https://www.tibrix.io,Hong Kong,
Banking,,ydentity,,"Ydentity is the world's first risk identity blockchain token based on Cognitive Neuroscience. It is designed to allow individuals to own their data and enjoy freedom while surfing the web. It provides a predictive model for customer onboarding, KYC and risk underwriting. The underlying blockchain platform is token-driven, cryptographically-protected and smart contract regulated. Ydentity is a utility token in limited supply. It is a closed source, unique, non-transferable, and non-recyclable token which creates a unique identity for every token holder. Ydentity creates a risk profile that can be voluntarily used for authentication, risk assessment, compatibility and self-protection. The Ydentity™ risk profile token provides a new underwriting instrument for the insurance, investment, and banking markets. It is also designed to simplify the KYC process.",YDY,1st Dec 2018,31st Dec 2018,http://ydentity.org,Hong Kong,
Other,,mindsports,1.6803,"Revolutionising the way online board games are played, introducing a platform that’s transparent, secure and limitless in its potential. MindSports IO is built by blockchain experts, designed by mind sports champions, and governed by you. MIND Tokens are used to fuel MindSports IO DApps that are secure, severless and trustless. Token holders vote for their favorite intellectual games to be deployed on the network and are able to use their token to create games, play and vote on disputes. Our passionate team and advisors consist of key executives and directors in prominent associations such as the World Chess Federation (FIDE) and the International Mind Sports Association (IMSA), blockchain experts, crypto investors, chess grandmasters, and various global mind sports professionals.",MIND,5th Feb 2018,6th Mar 2018,https://www.mindsports.io,Hong Kong,
Platform,,universal brand,,"Currently, about implementation of green energy proceeded implemented in countries all over the world, expand business focusing on hydroelectric power generation, our biggest advantage. Most small hydroelectric generation don't produce hazardous material and it is the most friendly way of power generation to environment among other green energies (solar power, wind power, geothermal energy, biomass), and it is the business playing important role to regional economy. Expand business that can expect very steady profits acquired by electricity trading by hydroelectric power generation and clean crypto currency mining that is most friendly to global environment with high revenue that almost take electricity charges. For further dissemination of green energy market, we sell WAT coin"""," the unique currency of my company in ICO (Initial Coin Offering). 11.00% of maximum interest (value of retaining rights) and speculative opportunity acquired after listed on the exchange can be distributed to owner of WAT coin due to percentage of number owned of coin.""",WAT,1st Dec 2017,14th Feb 2018,http://universal-brand.com,Hong Kong
Cryptocurrency,,qi,2.497966,"The full name of QI is QIEX Credit Points, which is the universal credit of QIEX Digital Assets Trading Center (QIEX.COM), which is a transferable credit certificate. QI can deduct transaction fees, participate in community voting, obtain membership and corporate services, and more service priorities and rewards. There are many ways to get QI. For example: new user registration, referral and transaction rewards, check-in, participation in community voting, research, etc. QI is a smart contract that relies on the ERC20 protocol on the Ethereum (ETH) network.",QI,10th Sep 2018,1st Nov 2018,https://credit.qiex.com,Hong Kong,
Platform,,luxbio,,"Lux Bio Coin (LBXC), is also ready to dash out to the market. LBXC is a utility coin that can be used for medical treatment in facilities in Korea, China and Japan. We established stem cell treating hospital in Jeju, Korea and plan to expand it to Japan in 2019. Once LBXC holders can freely use these facilities at a reasonable price, more and more individual and institutes will find it interesting and valuable. Through Lux Bio program, we have teamed up with prominent medical doctors from a major plastic surgery group, REGEN, and our main focus lies on utilizing stem cell not only for anti-aging care but also 360-degree health care programs. When virtual currency is usable, we believe that it will bear true value – and we think that’s why we will succeed.",BIO Token,15th Nov 2018,28th Feb 2019,http://luxbio.io/others,Hong Kong,
Health,,medicoin,,"Medicoin ICO is and innovation of Global Health Blockchain Limited registered under regulatory of Hong Kong SAR. The vision of Medicoin is to connect every person around the world in a decentralised system via blockchain so that anyone can be connected with anyone, anytime, anywhere without paying any charges, they can get a better solution of their Medical Health Problems at best possible, cheapest feasible financial rates. Through Medicoin Blockchain, anyone can join this innovation via contributing any comfortable amount and they can exit with their profits after surrendering their Medicoin (MCN) to any of the world's market exchange where Medicoin is tradable.",MCBC,16th Nov 2017,31st Dec 2017,http://www.medicoinico.com,Hong Kong,
Casino & Gambling,,coinbet,,Coinbet is the first ever gaming platform that uses Ethereum smart contracts. Coinbet has created a revolution in the gamming industry by implementing the blockchain technology and has made the platform as a decentralised one which is the nature and the core concept of this technology. Any one from any part of this world can participate in this gamming platform and the only requirement to use the platform is just to have an internet connection and you will be all set to enjoy the benefits that the coinbet has to offer you.,LOTC,5th Oct 2017,5th Nov 2017,http://coin-bet.bet,Hong Kong,
Cryptocurrency,,regalcoin,,"Regalcoin is a cryptocurrency. This currency is like the Dollar, but it is only available in the digital world. The concept may sound like Bitcoin, and is actually not much different from bitcoin.",null,22nd Aug 2017,22nd Sep 2017,https://regalcoin.co,Hong Kong,
Cryptocurrency,,300 token,0.016724,"300 Token is one of the first ERC20 Tokens created with the Minereum Token Creation Service. The supply is limited to only 300 Tokens, and this token is in memory of the 300 Spartan soldiers from the Battle of Thermopylae. For the non-history savvy, the Battle of Thermopylae was fought between an alliance of Greek city-states, led by King Leonidas of Sparta, and the Persian Empire of Xerxes I over the course of three days, during the second Persian invasion of Greece. It is indeed a very quaint inspiration for the token.",300,30th Jun 2017,6th Jul 2017,https://300tokensparta.com,Hong Kong,
Entertainment,,hungry panda games,,Hungry Panda Games is an independent game studio made up of ex-AAA developers powered by the Ethereum network and eSports. Our purpose is to empower cryptocurrencies users within the game and eSports industry by creating value and sharing success. We will break preconceived notions of what games can be by exploring the creative and market possibilities of the medium.,HPC,19th Jul 2017,19th Aug 2017,https://www.hpgesports.com,Hong Kong,
Platform,,bitcache,1,MegaUpload 2.0 is a privacy centric file sharing and storageplatform that allows you to store and share your files safe from prying eyes. Think Dropbox but without the ability for Dropbox to read your files or hackers to steal them from our servers simply because we cannot read or steal them as they are encrypted from end-to-end,null,1st Sep 2017,20th Sep 2017,https://bitcache.com,Hong Kong,
Big Data,,level01,,"Level01 is a peer to peer (P2P) derivatives exchange that allows investors to trade options contracts directly with one another, without requiring an intermediary or broker. Level01 combines Distributed Ledger (DLT) Technology for transparent and automated trade settlement on the blockchain, with Artificial Intelligence (AI) analytics that provides fair value pricing dynamically to counterparties in a trade, based on current & retrospective market data. The platform intends to effectively removes all forms of friction in the user experience present in conventional exchanges, such as fund deposits/withdrawals, multiple tier identity verifications, and wallet security concerns; allowing investors to fully focus on trading activities. The Level01 platform facilitates transparency & equality, and is designed to provide the most fair, efficient, even- level trading field for both retail & commercial investors.",LVX,1st Jul 2018,31st Dec 2018,https://level01.io,Hong Kong,https://level01.io/wp-content/uploads/2018/06/level01_whitepaper_final1-2.pdf
Business services,,romad endpoint defense,,"ROMAD Endpoint Defence is the fully functional next generation antivirus that is using innovative patented approach to chase the malware. It is revolutionary approach to cybersecurity. It is already working on the enterprise markets of Ukraine and Malaysia. ROMAD has won Cyber Security Shark Tank in US multiple times. ROMAD Endpoint Defense is the most innovative antivirus of the next generation. It combats the families, not the strains. The number of the strains does not matter now. Previous strains, current strains, future strains, ROMAD will catch and eradicate them all! ROMAD has gained its reputation within the B2B sector and has received a number of prestigious awards. We offer a unique distribution business model. The antivirus is distributed completely free of charge. The end users are paying only for the successfully repelled attacks. No attack, no payment. Defence Token is our unique ROMAD token which contains the license (the license key) for ROMAD Endpoint Defence.",RBDT,15th Mar 2019,20th Mar 2019,https://romad.io,Hong Kong,https://romad.io/romad_white-paper_eng.pdf?v2
Cryptocurrency,,discoin,,"Discodery (https://discodery.com) is an all-in-one solution that allows any small business to create its own website, its own mobile app and a complete management software in less than 72 hours and for only $9.90/month. In a world where customers are connected 24/7 and where consuming habits have completely shifted, turning to digital has become a necessity, as much as an opportunity, for small businesses. However, most of these businesses are late in their digital transformation and usually for 3 reasons : they don't have enough financial resources, they don't have enough time or human resources and/or they simply don't know where to start or how to do it... And that is exactly why Discodery is such a unique solution! When subscribing to our model, our customers gain access to an affordable (9,90$/month excluding discounts and promotions), all-in-one (website + mobile app + management software with over 50 key features to optimize their business) and fully-serviced solution,",DSCN,1st Oct 2019,31st Oct 2019,https://discoin.io,Hong Kong,https://discoin.io/document/1/download
Platform,,aassio,,"Blockchain will fundamentally change the way people own and trade real estate. In the future, everyone could be an owner of real estate, everyone could benefit from investing, holding and trading real estate in token form. aassio is a blockchain technology based platform providing effortless access to the real estate market to buy, sell and hold real estate in cryptocurrencies from the convenience of your own home or office. Real estate investment has never been easier or more accessible!",AAS,1st Mar 2019,30th Apr 2019,http://aass.io,Hong Kong,https://drive.google.com/file/d/1Wq9mZpmcaO0voG3-J3yPKDMHmhJt8Dqq/view
Business services,,coupon chain,2.0,"Mezzofy presents Coupon Chain an all-in-one solution delivering total ease of managing the full cycle (creation/distribution/redemption) and ownership of digital coupons using blockchain on Mezzofy’s Coupon Platform. Coupon Chain helps businesses engage their customers (B2C/ B2B), helps marketers enhance their marketing campaigns, and helps customers enjoy the offers from the coupon and claim rewards after redemption. In addition, Coupon Chain is an open source tool for developers.",CCT,1st Aug 2018,31st Mar 2019,https://www.coupon-chain.org,Hong Kong,https://www.coupon-chain.org/CCT-Whitepaper.pdf
Cryptocurrency,,encrybit,,"Research based modern cryptocurrency exchange with an attractive UI and is fully equipped with a plethora of advanced features.",ENCX,1st Feb 2019,31st Mar 2019,https://encrybit.io,Hong Kong,https://encrybit.io/pdf/encrybit-wp-v1.pdf
Artificial Intelligence,,imigize,,"Imigize ICO opens a new era in online shopping: now, buying shoes /clothing on-line, you can be sure that it will be comfortable as if you tried it on and bought it in a traditional store. Imigize decreases drastically returns of non-fitting goods to online shops and gives freedom and confidence of purchasing clothes and shoes suitable by size to online shoppers. Imigize Service Blockchain guarantees the safety of personal anthropometric 3D data of customers, as the data is encrypted and dispersed on the BLOCKCHAIN.",IMGZ,5th May 2019,10th Jul 2019,https://imigize.io,Hong Kong,https://imigize.io/static/wp/en/index.html
Platform,,iotw,0.75,"IOTW, a Big Data unifying system built on a native blockchain using Proof of Assignment (PoA) protocol, makes accessing data from a cross-section of IoT devices and applications simple and efficient. Its IoT Blockchain infrastructure using PoA connects all IoT devices globally, creates passive income in the form of micro-mining, and allows for the development of decentralized applications on IoT devices. Its testnet has been launched on 12th December 2018. IOTW mission is to establish a data ecosystem for IoT devices based on blockchain, enabling the direct exchange of big data between consumers and manufacturers to ultimately improve people’s lives.",IOTW,28th Apr 2019,29th Apr 2019,https://iotw.io,Hong Kong,https://iotw.io/docs/IOTW-Whitepaper.pdf
Cryptocurrency,,refine medium,0.042,"Refine Medium is a decentralized media platform rendering authentic and high quality video content. It is built upon Ethereum technology designed to enable viewers, creators and innovators of the platform to connect via blockchain based smart contracts. A one-of-its-kind platform that will incentivize each and every stakeholder for their contribution to the platform. RefineMedium has come up with a social video platform which aims to bridge the gap between “human being” & “being human” as humanity thrives forever. There are 4 stages of building a quality creator in the RefineMedium ecosystem- Creators with a new idea and raw content, Creators collaborating with RefineMedium moderators to cause a positive impact on their creation with a touch of professionalism, Creators who have established their identity on the platform and intend to progress and prosper and at last, Creators who have achieved enough prosperity and stardom and intend to cause lasting changes in the society and inspire others to do the same. RefineMedium aims to provide an ecosystem which nurtures a naive creator into a self-actualized one. The goal is to reach the top of the “Refine Rhombus”.",XRM,19th Oct 2019,20th Nov 2019,https://www.refinemedium.com,Hong Kong,https://refinemedium.com/pdf/whitepaper.pdf
Investment,,streamex,,"First Crypto Trading platform that brings trading competitions and leaderboards of top traders as well as community trading pools. Most Advanced Crypto Trading Platform that brings gamification to trading. Trading Pools, social accounts with traders insights, advanced order making including stop-loss orders, margin trading and fiat gateway. Trading competitions will be often held and rankings will be based on ROI while top traders generously rewarded.",STE,1st May 2019,31st May 2019,https://streamex.io/?utm_source=trackers&utm_medium=free&utm_campaign=ico.tokens-economy.com-com,Hong Kong,https://streamex.io/docs/Streamex-Whitepaper.pdf
Infrastructure,,swapzilla,,"SwapZilla — is a unique infrastructure solution that revolutionizes crypto trading. SwapZilla, brings together all exchanges, all tokens, all news streams and all tools. Our platform is suitable for any player on the market: a crypto exchange, a trader, a news channel or a company that develops trading algorithms — SwapZilla will give them an opportunity to effectively interact and exchange information and data. Through our platform users will be able to: get convenient access to the widest possible range of crypto assets; crypto exchanges will be able to multiply their client base and get additional sources of income.",SWZL,15th Jul 2019,1st Jan 2020,https://www.swapzilla.co,Hong Kong,https://www.swapzilla.co/WhitePaper-eng2.pdf
Banking,,bankdex,,"We are delighted to announce the launch of BankDex a decentralised cryptocurrency exchange. The exchange is built on an innovative and groundbreaking technology that facilitates inter-blockchain transfer of crypto assets. We bring the most unique features to the decentralized exchange world like low fees, fast transaction and a wallet that supports a wide range of cryptocurrencies. The platform ensures a high level of security with robust smart contracts implemented by experienced professionals. Experience the freedom of trading across multiple blockchains with unparalleled efficiency and reliability!",SAM Token,24th Jun 2019,23rd Oct 2019,https://www.bankdex.io,Hong Kong,https://www.bankdex.io/wp-content/uploads/2019/06/WHITEPAPER.pdf
Business services,,itrue,,"iTrue provides Self-Sovereign Biometric Identity for Decentralized Web. 1. “Self-Sovereign” also known as self-ownership is the idea that people should own their own data. Using iTrue, businesses cannot just freely use data from users, they must request the data and the user must consent to this usage. Users are rewarded each time they decide to share data with a business but it is a voluntary sharing of data. 2. “Biometric Identity” means we can offer face identification online and offline (i.e. visitors to trade centers, hotels, conferences, taxis, etc. so businesses know when to reward or punish someone in case they misbehaved). 3. "Decentralized Web", also called web 3.0, is the next generation of internet as a p2p network built around blockchain technology. We want to give control of data back to its rightful owners. We also want to make sure our platform is secure by having no single point of failure where hackers can steal or tamper with data. Technology At the core of iTrue’s platform is blockchain and facial recognition technologies. We are tackling data security issues head on with our state-of-the-art Stone Storage solution, a distributed database that enables users to store information without the need for a centralized server as it’s based off of blockchain distributed ledger principles. Personal information on our Stone Storage solution is stored separately from its record of transaction and can be divided into different levels and categories. This allows users to decide which information to share with which party, putting users in complete control over sensitive information. We are taking data security to the next level by securing information using biometric technology. Users must successfully verify their identity by scanning their face or eye iris in order to access their stored data.",ITU,21st Dec 2018,21st Mar 2019,https://itrue.io,Hong Kong,https://itrue.io/files/iTrueWhitePaper.pdf
Investment,,kimex,,"We built a platform for the crypto BO trading Industry and Good Wallet for trader. Traders will lost all their money if broker company shuts down or is run away. It is the worst situation many traders face. By using KIMEX.io all funds are safe even KIMEX.io platform can't access the funds since all funds are stored on ethereum blockchain. On non-regulated platforms, the client's money is not necessarily kept in a trusted account as required by government financial regulations. Again, transactions are not monitored by third parties in order to ensure fair play.By using KIMEX.io, every transaction and bankroll funds are viewable on ethereum blockchain. Traders will get guaranteed payout if they win. Just a small change can influence the result of a trade. By using KIMEX.io no one can change the price data as it is being fetched by smart contract and stored in blockchain.",KMX,3rd Oct 2018,13th Aug 2019,https://kimex.io,Hong Kong,https://drive.google.com/file/d/19cBkH-Hb8GQHxJ_Rum_l3lw_YIA5mIck/
Banking,,neuronchain,,"At NeuronChain, we believe that every person on this planet should be free to control their capital however they choose. Trade should be free of intermediaries, permissionless and borderless. For such a world to exist, it should be supported by a groundbreaking technology to set the foundation with an optimal match of transaction speed, level of decentralization, security and energy efficiency. A unique feature to NeuronChain is its capability to decentralize the transfer of fiat money through a network of P2P and B2P fiat liquidity providers (Agents). As fiat never leaves the border of any country it adheres to national local compliant regulations while aligning fiat and cryptocurrency transactions on global scale. Our experience in the financial industry and technology space has taught us that the only good long term strategy is to build a network that can integrate and interact with other networks and solutions.",NRON,20th Dec 2001,20th Mar 2001,https://neuronchain.io,Hong Kong,https://neuronchain.io/wp-content/uploads/2019/06/White_paper_neuron1.pdf
Platform,,viewo,,"Viewo is a video sharing network that operates on a blockchain-based rewards system. All participants in the Viewo network are rewarded for their actions, big or small. Rewards come in the form of VEO Tokens, a block- chain-based utility token that has value in both the Viewo network and outside the Viewo network. Unlike current video sharing websites that operate on a self-serving basis, Viewo operates on a user-based approach, rewarding each individual user for actions completed and giving incentives to both viewers and content creators.",VEO,11th Dec 2018,11th Dec 2019,https://viewo.com,Hong Kong,https://viewo.com/documentation/whitepaper_v1.pdf
Cryptocurrency,,bitcollar,,"Bitcollar is an All-in-one Crypto payment and investment platform and will accelerate the core development process to produce a leading world-class product to profit millions of users all around the globe. The mission of BitCollar is to radically remodel the monetary services that currently exist, thus creating a highly advanced and unique Management Service. The resulting effect will be an ultra-convenient, affordable yet simple to use, global-client, Financial and Investment service. ||Connect Unlimited Accounts|| Bitcollar provides an innovative platform that allows access to any or all of your financial accounts. - Clear overview of all finance - All of your accounts in one place - Transfer money with one simple click! || Track Your Money || BitCollar leverages secure, decentralized, distributed blockchain technology and introduces its own crypto token. - Cancel wasteful accounts - Schedule payments on the go - Manage your debt",BOR Token,1st Nov 2019,23rd Dec 2019,https://www.bitcollar.io,Hong Kong,https://bitcollar.io/wp-content/uploads/2019/09/Bitcollar-WPv2.pdf
Platform,,v systems,0.6,"V SYSTEMS (also known as VSYS) is a blockchain database cloud project that aims to create a secure underlying infrastructure platform for blockchain database. The project will deliver decentralized cloud database technology to carry out complex decentralized applications and support the operation of trillions of blockchains effectively, with high scalability, durability and performance.",VSYS,28th Mar 2019,28th Mar 2019,https://www.v.systems,Hong Kong,https://www.v.systems/static/vsyswhitepaper.pdf
Cryptocurrency,,aizeus,2.9,"Zeus is a public blockchain built for mass-market B2C & P2P applications with millions of consumer end-users features developed with the consumer end-user in mind. Model 1 : AI Decentralized Cryptocurrency Marketplace Our marketplace will be available in desktop/dapp. We will also connect artificial intelligence companies and data providers through an online marketplace with the aim of drastically minimizing the cost of data. Our marketplace is designed to drive innovation in artificial intelligence thereby creating a new decentralized AI ecosystem. Our goal is to create the largest global Cryptocurrency marketplace to revolutionalize the AI field.",AZS,1st Mar 2019,30th Sep 2019,https://aizeus.net,Hong Kong,https://aizeus.net/wp-content/uploads/2019/03/zeus-whitepaper-vr1.05.pdf
Cryptocurrency,,mitoshi,,"We are taking Mitoshi to the forefront of the lottery by leveraging on the power of smart contracts on a blockchain platform. By making use of smart contracts, we will build the future of online lottery that is globally accessible in a fair, transparent and secure environment. So you can have the confidence to bet on a winnable draw without compromise.",MTSH,1st Jul 2019,25th Aug 2019,https://www.mitoshi.io,Hong Kong,https://www.mitoshi.io/files/Whitepaper.pdf
Cryptocurrency,,explorecoin,,"Explore Coin is a cryptocurrency designed to be the leading travel cryptocurrency in the world. Through the use of the blockchain, Explore Coin’s currency will be independent of banks and government institutions. This grants the user more privacy and security than the other traditional payment methods currently in use. By forming global partnerships, Explore Coin will be the most widely accepted cryptocurrency in the travel industry.",XPC,21st May 2019,22nd May 2019,https://explorecoin.io,Hong Kong,https://explorecoin.io/assets/docs/explorecoin_whitepaper.pdf
Health,,mhealthcoin,25.0,"This project aims to build an ecosystem that users get benefits from maintaining a healthy body, in addition to being healthy. Our mobile application, connected with the smart wearable devices, collect health information to claim token award from our token store. Users can claim rewards from us and our partners using the token. In later phrase, being healthy becomes a mining activity. mHealthCoin, an ERC-20 compatible coin, is awarded when users keep healthy habits, like drinking water, sleeping well, exercising, with our mobile applications. The coin will be well recognized by different parties internationally as the project advances.",MHEC,13th Sep 2018,31st Mar 2019,https://www.mhealthcoin.io,Hong Kong,https://www.mhealthcoin.io/mHealthCoin-white-paper.pdf
Investment,,foxytrade,,"Foxytrade is the international fiat platform for P2P loans based on blockchain. Foxytrade is a multi-currency platform that supports everything from fiat currencies to the latest crypto currencies. It allows you to send money in an encrypted format and secure it with state-of-the art security measures. It is a P2P exchange platform that brings together creditors and borrowers: loans are issued in the fiat currency of the country where the borrower resides. This allows the currency to be exchanged through the FXTR token if the creditor and the borrower are from different countries. Loan terms are dictated by the market. Loans will be legally enforceable and all relevant documents will be generated in the jurisdiction of the borrower’s country.",FXTR,1st Mar 2019,8th Apr 2019,http://foxytrade.me,Hong Kong,https://foxytrade.me/foxytrade_whitepaper.pdf
Casino & Gambling,,megaltr,,"People cannot buy lottery tickets from other countries. This means that people can only buy lottery tickets where they live. If you want to buy lottery tickets from another country, you have to be there in person. Megaltr.com selects lottery prizes based on randomness, transparency, prestige, the structure of the prize, the number of players, etc. You can check details and link to each lottery game on MegaLTR.com. The information published on the home page for each lottery game includes prize structure, ticket cost, drawing date, etc. Megaltr.com offers the same structure and prizes as the original game.",MLR,6th Dec 2019,14th Jan 2020,https://megaltr.com,Hong Kong,https://megaltr.com/upload/whitepaper%20english.pdf
Platform,,plannerscape,0.039563,"PlannerScape is the future of work. We re-imagine it as a sophisticated decentralized workplace that uses artificial intelligence (“AI”), blockchain, and cloud computing to achieve a more rewarding and more balanced lifestyle. Similar to GPS navigation, PlannerScape automatically and instantly responds to changing circumstances to plot the most effective way through work and personal lives. With PlannerScape, users can enjoy more rewarding lifestyles and greater peace of mind by maximizing time and leveraging the benefits of the sharing economy. In accordance with our roadmap we’ve finished the custom chain for reputation profiles, the machine learning models for the AI, the UI for the product and the MVP for the commercial product (demos are available upon request). The first commercial version will be ready in Q2 2019. The PLAN Token is used in a variety of ways in order to enable unique features and to act as a medium of exchange between users, bypassing the typical 20-30% operational risk of traditional platforms. Within the eco-system, the token represents time, or work done, which allows people to work remotely, or rather have a decentralized workplace in an environment that we believe is the future of work.",PLAN,15th Mar 2019,12th Jun 2019,https://www.plannerscape.com/technology-preview,Hong Kong,https://www.plannerscape.com/wp-content/uploads/2019/05/PlannerScape-White-Paper-v4.pdf
Platform,,origin foundation,,"ORIGIN Foundation is a global alliance initiative between Luxury Brand Owners, Customers and Bodying Watch Company, with a mission to build the first perpetual, anonymous and trusted records for the world’s asset, through blockchain technology for creating a decentralized authentication and asset tokenization solution for the personal luxury market.",ORIGIN,18th Jun 2019,28th Jun 2019,https://origin.foundation,Hong Kong,https://origin.foundation/wp-content/uploads/2019/04/Origin-Foundation-Whitepaper-ORIGIN-Token-V1.0-English.pdf
Energy,,percival,35.0,"The intent of Percival is to overturn the common knowledge for existing mining market, and to build infrastructure and system for server provision that is not existed so far, and to issue token that is accepted into crypto currency market and daily living.",XPV,5th Mar 2019,26th Mar 2019,https://percivaltoken.com,Hong Kong,https://percivaltoken.com/wp-content/uploads/2018/08/Percival_Whitepaper.pdf
Banking,,linix,0.043059,"The LINIX platform is the world’s first DAG infused blockchain distributed ledger that provides expandable scalability, instant confirmation, and security against double spending and Sybil attacks. The MATRIX Chain remains open-sourced, permission- less, and distributed. Our breakthrough consensus algorithm, the Proof of Check and Balance (PoCB), breeds the self-sustaining and decentralized ecosystem through a counterbalance of power. The LINIX platform is not an improved version of a pre-existing blockchain nor DAG-based protocol. It offers a new paradigm that solves the current predicaments of the decentralized economy at stake.",LNX,20th Jun 2019,21st Jun 2019,https://linix.foundation,Hong Kong,https://docsend.com/view/iwvwb6x
Investment,,xtock,,"XTock uses blockchain technology to issue and digitise tokens that digitise corporate assets of an OTC company. This creates an ecosystem that can be used widely, from general OTC corporate information management to corporate banking services.",XTX,15th Mar 2019,15th Mar 2019,https://xtock.io,Hong Kong,https://www.xtock.io/resources/paper/Xtock_whitepaper_eng_1.2.pdf
Investment,,gyptex,,"Gyptex is an online platform which allows like-minded players to join and compete against each other in games of strategy and chance. It combines the best elements of the blockchain, cryptography and gambling to create a truly fair and transparent system. Gyptex employs a different business model to online casinos, which win when you lose and lose when you win. Gyptex works differently. We take a small fee from every game, which in the poker world is called a rake. Due to our fee structure, we’re a disinterested party as to who wins or loses, although we do hope you win! Online casinos are in the business of competing against and beating the players, while our business is about helping players to connect and have a good time.",GYX,15th Oct 2019,30th Nov 2019,http://gyptex.me,Hong Kong,https://gyptex.me/gyptex_whitepaper.pdf
Platform,,fatum,,"Fatum is a gaming project built on advanced blockchain and cryptography technologies. Fatum uses all the advantages of cryptography and decentralization, making cheating technically and verifiably impossible. Fatum offers the latest forms of these technologies implement into an online gaming and gambling platform․",FTM,15th Feb 2019,25th Mar 2019,https://fatum-project.io,Hong Kong,https://fatum-project.io/lightpaper.pdf
