cat1,cat2,name,raised,desc,ticker,start,end,www
Cayman-Islands,,alfa-enzo,,"Alfa-Enzo is patented social mining platform that lets the community solves the most critical problems of the blockchain—scaling and mass adoption. It uses a patent-pending side-chain process to let you mine tokens by discovering and interacting with social contents on the network. The patented design was developed from scratch to ensure that you earn for your time and anything you create from posts to transactions. The more you give to the network, the faster you earn. Powering Alfa-Enzo's ecosystem is Enzo (NZO). Enzo is a time-token that converts the user's time into a stored value. It is mined using a special Proof-of-Activity (PoS + PoW) protocol that's designed to properly compensate users for the time they spent from social activities to marketplace activities. Miners can transact with the tokens, or sell the tokens on exchanges to Advertisers and Publishers who need the tokens to serve advertisements. Tokens are burned when Advertisements are injected into the system, which continually create a fair increase in value and demand for tokens . Alfa-Enzo holds a number of patents and will provide its source code for open-review in April 2019. It is a presently in MVP status with a baseline release of its social mining app ALFA for iOS, and on track to deliver the first Android version in November 2018. Users will be retroactively reimbursed for their time spent on the network after the launch of its main-net in 2019.",NZO,16th Nov 2018,21st Jun 2019,https://www.alfaenzo.io,Cayman Islands,https://www.alfaenzo.io/libs/pdf/whitepaper.pdf
Cayman-Islands,,axel,,"The AXEL.Network isn’t coming, it’s here. It’s live. A fully operational Masternode network bringing the future of the distributed web. We’ve built our Content Distribution Network (CDN) from the ground up using distributed technologies to foster a movement from centralized systems to a decentralized world. It’s a network that will change how the internet handles data.",AXEL,12th Aug 2019,13th Aug 2019,https://axel.network,Cayman Islands,https://axel.network/wp-content/uploads/2019/07/AXEL-White-Paper-v2.0-English.pdf
Cayman-Islands,,iown token,1.5,"iOWN is a Blockchain-based Investment Platform launched to bridge the gaps between Investors and Businesses seeking funding. iOWN Platform is a marketplace where users can choose from the various investment options listed on the platform. The users will be able to use the iOWN Tokens to access the aforementioned service offering of the iOWN Platform and benefit from other services. The iOWN Platform shall provide its users information and details about the various investment opportunities including business location, domain, and expected ROI.",iOWN,27th Jun 2019,30th Sep 2019,https://www.iowntoken.com,Cayman Islands,https://s3.amazonaws.com/iowngroup-public/material/iOWN-whitepaper-v1.6.1.pdf
Cayman-Islands,,levolution,1.88384,"Levolution is an all-in-one platform that makes it easy for blockchain entrepreneurs to create, develop, market, and optimize ITO projects. In addition to showcasing ITOs and connecting projects with global sales teams with whom Levolution will develop working relationships, the platform helps entrepreneurs in the areas of service provider procurement, campaign creation, campaign management, and post-ITO execution.",LEVL,18th Mar 2019,1st Apr 2019,https://ito.levolution.io,Cayman Islands,https://ito.levolution.io/wp-content/uploads/2019/03/LEV-WP-ENG-1.3.9.pdf
Cayman-Islands,,membrana,0.6,"Why invest in Membrana Product. Working product (Public Beta) with over 3000 customers. Desktop and Mobile versions are released. Already 2888 trust management contracts concluded with $1,6M trading volume. Final release in Q4 2019. Rewards. Stack MBN tokens to receive profit in MBN tokens and BTC Team. Expert development team from Russia and worldwide network of brand managers and ambassadors. Supported by top experts from JP Morgan, CME, Goldman Sachs. Listing confirmed: Listing on 3 exchanges on 17th June - ABCC, Probit, Newaxall Community. High ratings on ICO trackers and big community - 80k telegram users. 2 US venture funds have already invested into the company. (Coinbar group and Firstblock Ventures) Token usage You can read detailed tokenomics and information about stacking rewards here: https://membrana.io/static/pdf/membrana_tokenomics.pdf Unsold tokens will be burned.",MBN,17th Jun 2019,9th Jun 2019,https://membrana.io,Cayman Islands,https://membrana.io/static/pdf/membrana_whitepaper_eng.pdf
Cayman-Islands,,verasity,4.0,"Verasity is a disruptive video sharing platform designed to pivot the online video ecosystem by enabling a direct and transparent relationship between viewers, content creators and advertisers. Our experienced team has a wealth of experience spanning across the Media and Technology sectors, with previous leadership roles at companies including Eurosport, Sky, Joost, AOL, Turner and Guardian. Powered by existing cutting-edge video player technology, Verasity provides a high-quality viewing experience. Verasity’s proprietary Blockchain technology (PoV™) creates a transparent economy powered by a new cryptocurrency called VERA. Our goal is to liberate creators and online publishers whilst improving the viewer experience for video. Verasity's protocols will be used across the web integrating video delivery and instant micropayments using VERA all backed with trusted and transparent Proof of View™ Blockchain technology.",VRA,1st Mar 2019,6th Mar 2019,https://verasity.io,Cayman Islands,https://verasity.io/documents/verasity_whitepaper_eng.pdf
Cayman-Islands,,viaz,,"The utility of VIAZ is to provide a decentralized funding platform, connecting its users and acting as a conduit between the cryptosphere and fiat currency.",VIAZ,7th Aug 2019,2nd Sep 2019,https://viaz.io,Cayman Islands,https://viaz.io/documents/Viaz-Whitepaper_EN.pdf
cyprus,,pbet,0.25,"The PBET project is a unique innovation that addresses the convergence between physical and online gaming through a Unified Gaming Platform. PBET generates synergies between these two channels while integrating crypto-currencies instant payments and combining partners in a unique token based Reward Club.",PBET,5th Aug 2019,31st Oct 2019,https://pbet.io,Cyprus,https://pbet.io/documents/pbet-white-paper-2019-1.pdf
estonia,,allbebet,0.27981,"Allbebet is an infrastructure project in the sports and gaming industry. Designed to help achieve high results in sports using neural networks, machine learning algorithms, and blockchain. Allbebet development thrust is the creation of business models based on AI and blockchain technologies that unite millions of people from the sports, gaming and betting industry.",ALB,26th Aug 2019,27th Aug 2019,https://allbebet.io,Estonia,https://allbebet.io/docs/white_paper_eng.pdf
estonia,,allsesame,0.7,"AllSesame - Decentralized Social Food Network Powered by Blockchain. AllSesame Token is a Blockchain Ecosystem, architecturally designed to create the most Socialized Global Food Delivery Marketplace, developed collaboratively, using the blockchain technology. In today's world the technological development strives ahead very quickly. The trends of digitization and automation are already in full swing. The development of the Blockchain technology has led to a new trend- the trend of decentralization. The principles that are declared and strictly observed by the company: • Transparency to investors and the state. • Transparency of activities and transparency of decision-making. • Readiness to cooperate with all interested people and organizations; • Fairness- a fair payment to investors. • Fair conditions for partners and employees.",SST,21st May 2019,30th Aug 2019,https://www.allsesame.com,Estonia,https://allsesame.com/allsesame-whitepaper.pdf
estonia,,betmatch,,"Betmatch is a blockchain solution for bookmakers that primarily allows players to bet against each other and the house using cryptocurrencies with trustworthy customer fund depositing, bet execution, and payouts. The second layer of the system is social betting network with original players and project supporters motivation system.",XBM,5th Jul 2019,5th Aug 2019,https://tge.betmatch.io,Estonia,https://s3.eu-central-1.amazonaws.com/btm-prod-tge-static/media/public/landing/white_paper/BetMatch_WP_20.11.18_english2_16.53.pdf
estonia,,bit agro,2.841,"AGROCOIN is a crypto coin that will become the means and guarantor of payment between users. This is a token that will become a tool for the agro-industrial market, and with the help of which users of the agro-exchange platform will be able to conduct their transactions on the purchase and sale of goods in the agricultural sector. Token AGROCOIN supports smart contract technology and was created to develop trust and positive reputation of a credit platform on the Ethereum ecosystem. AGROCOIN aims to conduct the fastest, most transparent and secure transactions.",AGRO,5th Apr 2019,5th Jul 2019,https://bitagro.io,Estonia,https://bitagro.io/wp-content/uploads/2019/03/Agro-Exchange-WP1.2.pdf
estonia,,bolttcoin,1.2235,"2 years of development with a great team, already market leader with thousands of users, business customers and a strong partner ecosystem. Join us as we are set to revolutionise the way communities interact with each other, with the world’s first ever “Digital Health Currency” i.e, The Boltt Coin. We have launched a unique blockchain based online gamification platform which enables players to earn Boltt Coins for personal health, We call it the “WalkChain” that uses “Proof of Steps” to mine BOLTT COINS as you walk! Boltt Platform will also host fun tournaments & interactive peer to peer league matches/games, sponsored by brands, corporates & celebrities to reward participants with exciting prizes & BolttCoins. Bolttcoin holders will not only be able to use them to pay for tons of products , services & deals from the deceltraized marketplace ecosystem, but will also see their Bolttcoin value increase as a result of increased user base, demand and adoption of the token & its locked limited supply.",BOLTT,19th Jun 2019,3rd Jul 2019,https://bolttcoin.io,Estonia,https://bolttcoin.io/BolttCoinWhitePaper-V1.0.pdf
estonia,,btccredit,0.5,"The next gen crypto banking solution, a Blockchain based P2P lending solution.",BTCC,29th Nov 2019,3rd Dec 2019,https://btccredit.io,Estonia,https://btccredit.io/pdf/btccredit_whitepaper.pdf
estonia,,decimated,,"Fracture Labs are a videogame company, creating a persistent online multiplayer game, where players must use skill and intelligence to harvest resources, trade with other players, and survive in a hostile apocalyptic environment. DECIMATED is the first use-case scenario of this which they are developing in Unreal Engine 4 and SpatialOS to achieve this massive scale, and meaningful persistence. There are two factions of players: human citizens and cyborg cops, both of whom are played by real people. Fracture Labs are using blockchain technology to manage in-game items and currency.",DIO,6th Mar 2019,5th Apr 2019,https://www.decimated.net,Estonia,https://www.decimated.net/whitepaper-browser-version/
estonia,,earthbi,1.5,"EarthBi combines the virtual world - through the creation of a special token utility for the "green" sector called "ERA" - with the production of polymers with characteristics of high biodegradability and quality and wide use. The project, in essence, is aimed at the diffusion of innovative biopolymers, generated thanks to proprietary industrial property rights (patents and know-how). The ERA token utility will allow buyers to obtain bigger quantity of raw materials (30%) or discounts (equal to 30% of the average market price of BVW) on the finished products made of bioplastic. ERA can be purchased and exchanged through special portals. The EarthBi project will also have use of the full traceability of the production chain thanks to the use of blockchain technology in order to guarantee customers and consumers the qualities and characteristics declared. The availability of EarthBi piopolymers at full capacity will be approximately 60,000 tons for year.",ERA,9th Apr 2019,26th Jul 2019,https://earthbi.io/en,Estonia,https://earthbi.io/en/whitepaper-2/
estonia,,farm2kitchen,,"Farm2Kitchen® is building a decentralized Food Traceability platform on the Blockchain for the Food Distribution industry. The Blockchain is a distributed digital ledger to track the food at every stage of the supply chain from the farm all the way to the kitchen. We are providing secure Application Programming Interfaces (APIs) for Software Developers to build apps to access the platform. To protect people from unsafe food, you have to be fast and you have to be right – and Farm2Kitchen® Blockchain technology offers a chance to improve speed, accuracy and trust levels as never before. Farm2Kithen® founders have already successfully delivered Food Traceability solutions to farmer producer organizations in India. In sustainable agriculture space since last 5 years, Farm2Kitchen® is also a pioneer of organic food retailing in India.",F2K,22nd Apr 2019,5th Aug 2019,https://www.farm2kitchen.io,Estonia,https://www.farm2kitchen.io/downloads/f2kwhitepaper.pdf
estonia,,geco.one,1.25,"Geco.one is a platform that enables you to safely invest in the cryptocurrency market using skills and knowledge of experienced traders. Our flagship service, called PAMM account, allows you to invest in cryptocurrency pairs by entrusting your resources to experienced traders as well as providing you with all the tools necessary to become a crypto-trader yourself.",GEC,1st Jul 2019,14th Jul 2019,https://geco.one,Estonia,https://geco.one/static/files/whitepaper.pdf
estonia,,marshal lion group coin,0.076,"Marshal Lion’s issue objective is to create a special blockchain-based platform that will grant investors easy, safe and comprehensive access to the non-bank lending market, as well as to provide a tool to allow convenient use of this platform - a token. As part of the process, investors will deposit funds at the Marshal Lion team’s disposal, which will then be used to create a dedicated platform that will then host complete products. Its core functionality will be the option to invest the token in products associated with Marshal Lion’s non-bank loans granted to companies and individual clients at various interest rates and maturity dates. The entire operation will involve the investors purchasing dedicated utility tokens (a form of cryptocurrency) under the so-called smart contracts. A Marshal Lion token may, but does not have to be used on the platform where the company will introduce products to allow investors to participate in market profits. 1MLGC with 25% discount = 0.19$",Marshal Lion Group Coin (MLGC),30th Oct 2019,31st Oct 2019,https://mlgc.io,Estonia,https://mlgc.io/ML_whitepaper_EN.pdf
estonia,,navibration,,"Navibration, a technology startup, is creating the navigation of the future: offline navigation through vibration and a whole ecosystem of audio tours from cities all over the world, built on blockchain technology. The initial development of the project was backed by the Government of Spain and the company has patented the navigation system by vibration. Navibration has a working MVP, available in both App Store and Google Play, with thousands of registered users. In future versions of the app, the token of the company, Navicoin, will play a fundamental role within the platform, becoming the center of the audio tours ecosystem and the Navibration sharing economy.",NAVI,25th Sep 2019,25th Oct 2019,https://www.navibration.com,Estonia,https://www.navibration.com/Navibration-whitepaper-EN.pdf
estonia,,roc2,1.8,"We delivered all promises from our first ICO, now you can be part of the biggest project expansion in crypto history. Our first ICO was a huge success! From ROC1, The Rasputin Party Mansion was born, the project was delivered ahead of schedule, has grown faster than we forecast and has already paid dividends to ROC1 token holders. Now we are ready to expand, ready to take this successful concept to a level NEVER before seen in the adult entertainment industry. We will build a new Party Mansion eclipsing anything ever seen in the adult entertainment industry. Over 10 times larger in size than the current studio with 50 thousand square feet of adult fun, with 150 cameras and over 100 models living, playing and entertaining all in our studio broadcast to the world live in High Definition 24 hour of everyday of every week. Our already impressive revenues stand to grow to levels that will make us one of the biggest players in the adult sector.",ROC2,1st Mar 2019,1st Dec 2019,https://ico.rasputinmansion.com,Estonia,https://ico.rasputinmansion.com/downloads/roc_wpV1.0.pdf
estonia,,stabledex,0.3,"The stableDEX platform offers a 100% decentralized peer to peer trading environment. By using stableDEX the users retain full custody and control of the assets within their wallet. The platform offers most of the stablecoin pairs that are currently traded and many more asset-backed tokens will be listed ongoing. stableDEX will offer many tools to assist and support the trading community. Margin Trading to increase the transactional capacity, automated trading for the traders using algorithms with top speed execution. Asset Manager tools to enable decentralized 3rd party trading. stableDEX has its own platform currency called the STDEX token that can be used to pay transaction fees and services at a discount and earned by executing orders on stableDEX. stableDEX is developed to offer digital assets to the trading community in a professional manner. Tools and features are designed for institutional trading, products are selected with a focus on stability.",STDEX,4th Jul 2019,31st Aug 2019,https://stabledex.io,Estonia,https://stabledex.io/download/Whitepaper.pdf
estonia,,ten token,0.576,"TEN – a global online education platform where learners gain access to new skills and achieve their goals from an enormous library with thousands of online courses. TEN brings values of deep humanitarian education; transparency in the community; ensuring data integrity; and saving transaction costs, thereby bringing faith to the community. TEN is changing the way people teach and learn thanks to the power of the community, opening up a new era for worldwide online education.",GDEM,20th May 2019,23rd May 2019,https://tentech.io,Estonia,https://tentech.io/static/documents/TEN-WHITEPAPER.pdf
estonia,,uncloak,,"Introducing Uncloak: The future of cyber threat detection. Advanced artificial intelligence to check public & hidden internet data for “Zero Hour” cyber threats. Next generation vulnerability cyber security scanning. EOS Blockchain powered, allowing verified IT security experts worldwide to collaborate in resolving cyber threat vulnerabilities and be rewarded through a fully automated system.",UNC,4th Jun 2019,7th Jun 2019,https://uncloak.io,Estonia,https://whitepaper.uncloak.io/
estonia,,venusenergy,5.986183,"VenusEnergy - a project that, in conditions of large-scale environmental pollution - offers an alternative. Mining of cryptocurrency, using electricity generated from renewable sources of energy. Symbiosis between the socially responsible idea of "Way to a Green World" and a well-built financial model that will allow you to earn more than 24 cryptocurrencies and provide income for all depositors.",VENUS,1st Jun 2019,31st Aug 2019,https://venusenergy.io,Estonia,https://venusenergy.io/data/uploads/docs/venusenergy_wp_en.pdf
estonia,,volum,,"VOLUM maximizes investment value and stability through its holding company structure. VOLUM invests in portfolio companies that currently possess, or have the ability to easily create, long-term asset value. This offers VOLUM investors diversification across multiple companies and industries. This platform is completely revolutionary and gives companies greater organizational and oversight capabilities than they have ever had before. With the VOLUM blockchain platform, companies can Track, Route, Identify, and Source, all the data activity that happens on their supply chains. All of the data will be locked into the PLATFORM which can be trusted and verified at any point during operations. The end result of using the VOLUM platform is that companies will have the power to scale from local to global markets much faster, and they will have much greater control of their supply chains. This is good for everyone. Our blockchain platform operates as the one central location for your business supply chain operation. Companies who use this platform will be able to carry out a wide range of blockchain transactions including: Payments Rewards Purchase Orders Legal Contracts Regulatory Compliance Taxation Shipment Management Letters of Origin Customs Documents Inputs/Outputs and Inventory Ordering Delivery/Parcel Tracking IoT Monitoring and Reporting Big Data Analytics Inputs and End-Product Tracking/Traceability",VLM,4th May 2019,22nd Sep 2019,https://volum.io,Estonia,https://volum.io/wp-content/themes/volum/images/volum-whitepaper.pdf
estonia,,windhan energy,28.724073,"Windhan is a blockchain-based green energy Crowdfunding and trading platform which uses blockchain technology to create a more meritocratic next generation of renewable energy assets. It brings together green energy producers and consumers to sell and buy renewable energy without overpaying to corporations, suppliers and other intermediaries. It is a platform to combine energy developers, investors, and consumers and facilitates carbon credit trading through a global and decentralized network that allows energy assets to be funded and launched.",WHN,21st Mar 2019,17th Apr 2019,https://windhanenergy.io,Estonia,https://windhanenergy.io/file/whitepaper-English.pdf
estonia,,yanu,1.1305,"YANU serves beverages, handles payments, identifies and communicates with clients. Yes, you can pay for your beverage with our token. We're doing an ICO to raise funds for building Yanu units and make it possible to place them to all major transportation hubs, entertainment and sports venues. With a ready prototype and a strong team behind it, we're confident that Yanu will be the first of its kind.",YANU,26th Apr 2019,26th May 2019,https://yanu.ai/ico,Estonia,https://yanu.io/wp
estonia,,zest,,"Zest proposes the first ‘decentralized syndicate’ which aims to provide access to the pre-ipo opportunities of Silicon Valley. Zest disrupts the traditional boundaries by using a cryptocurrency as a medium of exchange into a venture capital fund. By pooling capital together, the syndicate is able to access these funds as a single participant. When a portfolio company succeeds in performance, resulting in either a higher series of fundraising or an IPO, the parent fund will often shed profit to their limited partners. When this occurs, Zest is given back fiat currency which is traded back into cryptocurrency and sent to the exchange partner (LATOKEN). Zest will then initiate a mass purchase of market priced Zest tokens (Z) followed by a burn of all the tokens collected in this way. This means the total amount of tokens available is continuously diminishing and, theoretically, could actually disappear from the market entirely.",Z,10th Jun 2019,17th Dec 2019,https://zest.fund,Estonia,https://drive.google.com/file/d/1U1IkRHI5VCdc1SPonr1x9aOwC9wKUodt/view?usp=sharing
france,,fashion coin,,"Fashion Coin (FSHN) is a purely peer-2-peer version of electronic cash for Generation Z. Based on creativity, game theory and steganography+cryptography, Fashion Coin provides seamless and effortless online payments - with maximum speed and limitless scale. Fashion Coin enables the customer to add value and issue coins on the Proof-of-Love DApp. Creativity leads to capital, credit, surplus, and even crowdfunding.",FSHN,2nd May 2019,20th Jun 2019,https://coin.fashion/#section1,France,https://coin.fashion/storage/Fashion%20Coin%20Whitepaper%20[EN]%20.pdf
france,,loltoken by eiu.ac,3.0,"The team behind the LOL project already owns and runs international kindergartens, primary and second schools (www.wells.ac.th) , a business school (www.bsm.ac.th) for the past 20+ years, as well as a French Government recognized and internationally accredited university (www.eiu.ac) to their fascinating portfolio. LOLTOKEN has successfully completed its private sale with $ 3 Million in total funds raised so far from private investors LOL ecosystem will empower everyone to gain world class education using blockchain technology with our immense experience & launch of MOOC++ with its Decentralized DIGITAL LEARNING MATERIALS marketplace for testing & certifications from European International University integrated with Digital Fingerprint Personality Testing. The certifications on our blockchain ecosystem will be provided by European International University www.eiu.ac Our MVP can be viewed at www.learnonline.ac",LOL,16th Sep 2019,15th Dec 2019,https://loleiu.io,France,https://loleiu.io/docs/LOL_STO_WP.pdf
germany,,azultec,,"We want to offer you the easiest way to earn cryptocurrencies. In order to do that, we created the azultec Cube, a state-of-the-art mining computer. With the Cube, you can earn cryptocurrencies through mining, by being part of our decentralized cloud storage solution and by joining our cloud computing network. The best part: the Cube uses renewable energy and recuperates the generated heat – making the Cube environmental-friendly.",AZU,20th May 2019,20th Oct 2019,https://azultec.de,Germany,https://azultec.de/wp-content/uploads/EN_azultec-White-Paper.pdf
germany,,coin analyst,,"CoinAnalyst is an information and analysis platform for all cryptocurrencies and ICOs worldwide. Purchase and sale decisions can be made on the basis of valid data and intelligent analyses. This enables the user to identify opportunities and risks and react promptly and proactively to price fluctuations. The application thus creates a high degree of transparency when it comes to operating in this new and volatile market.",COY,7th Jul 2018,31st Mar 2019,https://www.coinanalyst.tech,Germany,https://www.coinanalyst.tech/whitepaper
germany,,marketc,,"MarketC is a revolutionary digital platform that applies Blockchain with an open platform to be able to develop applications that serve multiple purposes in many areas. At the beginning, the development team focused on developing application platform: Market Pay - billing software that uses crypto based on the blockchain platform. Everything you need is in Market Pay: payment, transfer, currency exchange, instant loans. Our goal with Market Pay is to provide our customers with the most convenient banking experience in the world, using blockchain technology and non-contact wireless payment technologies. Market Pay will also become the development platform for all applications.",CMK,24th Jun 2019,24th Jul 2019,https://marketc.net,Germany,https://marketc.net/media/MARKETCWHITEPAPER.pdf
germany,,mycro,1.5,"Post the job offer directly on our beautiful designed Mycro app and we make sure you will be quickly connected with a community member who can help you out! Explore the Mycro app and find a job which suits you perfectly. Apply now and get the job done. Simple as that. We unleash the power of local communities by implementing our protocol to connect people. Through this game changing platform we will open the doors to become the worldwide number one marketplace for realtime job matching.",MYO,11th Jun 2019,20th Jun 2019,https://www.mycrojobs.io,Germany,https://www.mycrojobs.io/download/Mycro-Whitepaper-English.pdf
germany,,pdata,0.23225,"Opiria is a decentralized marketplace that helps companies collecting and analyzing consumer data, enabling them to make better business decisions. Consumers are in full control of their data and get paid with PDATA tokens for sharing their data. PDATA Token is the currency that expresses the value of personal data and enables its trading by using smart contracts on the blockchain. Opiria is a real company since 2015 with a working product used by hundreds of customers including Fortune500 companies. Opiria is solving one of biggest problems companies worldwide are having. They need data from consumers to understand their needs and requirements in order to design better products and services and perfectly target marketing and sales activities. Today personal data is stolen from consumers by data brokers without their knowledge or consent and sold for big money. Our mission is to change that and give back control to the consumer while cutting out the middlemen!",PDATA,11th May 2019,15th Jun 2019,https://opiria.io,Germany,https://www.opiria.io/static/docs/Opiria-PDATA-Whitepaper.pdf
germany,,vecap,4.721297,"Vecap is an ambitious and very simple project that ensures the security of a smart home network thanks to innovative blockchain technologies and smart contracts. Every action carried out on the Vecap platform will be recorded in an immutable and virtually invulnerable database – in order to crack it, the hacker would need to get administrator access to 51% of individual devices, which becomes absolutely impossible as the project spreads around the world. Vecap combines all smart homes into a single decentralized network and protects their data from intruders. The platform uses an innovative security standard that is independent from the built-in security features. Thus, thanks to Vecap, hackers will no longer be able to penetrate the smart home data network and violate their privacy as they will no longer depend on a group of disparate storage devices on a company's vulnerable server. At the same time, Vecap will be able to make your data network not only safer, but also much faster and more efficient.",VC,6th Jun 2019,7th Jun 2019,http://vecap.io,Germany,https://vecap.io/pdf/whitepaper/VeCap_Whitepaper.pdf
israel,,blockium,0.0598,"Blockium is a financial gamification platform using smart P2P technology to offer trading competitions on stocks, crypto, FX, and indices from the top global exchanges. The application creates an innovative opportunity for traders to execute financial skills with friends and strangers, and make large daily profits. This technology’s mechanism is bringing a large profit potential for traders, while making financial trading attractive for everyone.",BOK,24th Jun 2019,27th Jun 2019,https://www.blockium.io/Home/Welcome,Israel,https://www.docdroid.net/sAMYojj/blockium-whitepaper.pdf#page=4
liechtenstein,,curioinvest,,"CurioInvest is a platform that enables you to invest in rare, collectable cars by purchasing security tokens. CurioInvest aggregates individual demand through its Liechtenstein-based tokenization structure which issues tokens directly link into the underlying target collectable car",CURIO,21st Aug 2019,22nd Aug 2019,https://curioinvest.com,Liechtenstein,https://docs.google.com/document/d/16RBxiuPNhG7DkvTx9odzcQvPc9EdTKnmKaohURxrLTA/edit
malta,,artpro,,"The Art of blockchain ArtPro makes it easy for anyone to buy and sell art over the web. A user-friendly platform harnesses the many benefits of blockchain technology, enabling ArtPro to restore the trust that has long been missing from the art industry. Instead of relying on third party authenticators, ArtPro favours a consensus mechanism that delivers a secure, decentralized system. ArtPro is creating the go-to marketplace for private dealers and contemporary artists, with a strong focus on emerging talent. The ArtPro platform will open the art world to the masses, making it possible for anyone to discover and purchase fine art online without the excessive fees, intermediaries, and steep learning curve that have traditionally made art available to only to the privileged and the well-connected. Certificates of provenance, stored on the blockchain, attest to the authenticity of each artwork on the ArtPro platform, but that is only the beginning.",APT,25th Jul 2019,3rd Sep 2019,https://www.art-pro.io,Malta,https://www.art-pro.io/files/artPro_white_paper.pdf
malta,,bitwings,,"BitWings token, a native currency of Wings Mobile ecosystem, has 100% guaranteed issuing value and is the only means to pre-order the first (40 000) ultra-secure blockchain smartphones in the world able to generate up to 2 ETH a month without any power consumption, powered with neural technology. Safe Core OS™, a secure operating system based on neural technology built within commercial Android systems powered with an AI. Neural Face ID™ gives the ability to recognize the difference between users and strangers, allowing access to users’ menus and applications accordingly. Wings Guardian 2.0™ verifies and warns the user, even in sleep mode. Proof-of-Data algorithm that is able to generate up to 2 ETH in a month. Super Natural Speech system “Angel". WingsPay triple authentication protocol (FaceID, fingerprint, and PIN) allows secure access to an e-wallet equipped with a payment system, based on blockchain technology.",BWN,2nd Sep 2019,30th Nov 2019,https://bitwings.org,Malta,https://bitwings.org/white-paper-en.pdf
malta,,elrond network,1.9,"Elrond is a novel architecture which goes beyond state-of-the-art by introducing a genuine State Sharding scheme for practical scalability, eliminating energy and computational waste while ensuring distributed fairness through a Secure Proof of Stake (SPoS) consensus mechanism. Having a strong focus on security, Elrond’s network is built to ensure resistance to known security problems like Sybil attack, Rogue-key attack, Nothing at Stake attack and others. In an ecosystem that strives for interconnectivity, Elrond’s solution for smart contracts offers an EVM compliant engine to ensure interoperability by design.",ERD,22nd Jun 2019,1st Jul 2019,https://elrond.com,Malta,https://elrond.com/files/Elrond_Whitepaper_EN.pdf
malta,,global crypto alliance,,"The Global Crypto Alliance (GCA - https://gcalliance.io/) constitutes a new kind of borderless organization with experienced professionals who are well-versed in the world of blockchain. Specialized in decentralized business development and blockchain ecosystems, our global network calls an active community of content creators and content consumers into action. GCA’s first product is Global Crypto News (GCNews.io), a totally new, unparalleled, and revolutionary content publication platform with a unique rewarding twist that is fueled by the crypto asset, CALL, and structured as an open network of active news aggregators who can monetize their actions within the system.",CALL,20th Nov 2019,28th Nov 2019,https://gcalliance.io,Malta,https://gcalliance.io/wp-content/uploads/GCA_Greenpaper_V1.05-291019.pdf
malta,,poseidon,2.421832,"Poseidon builds climate change solutions with widespread and immediate impact. Its current ICO and token sales support its 'reduce' platform, which uses blockchain to let anyone rebalance the climate impact of any product or service in real time at the checkout.",OCEAN,13th May 2019,17th May 2019,https://www.poseidon.eco,Malta,https://poseidon.eco/assets/documents/Poseidon-Climate-Rescue.pdf
malta,,vodi x,1.477031,"Vodi is an extraordinarily successful and award-winning all-in-one mobile platform boasting 5+ million users in over 200 countries and is tokenizing its ecosystem by launching Vodi X. Vodi X complements the already vibrant existing Vodi platform with the use of blockchain technology.",VDX,21st May 2019,22nd May 2019,https://vodix.io,Malta,https://vodix.io/pdf/VodiX_WhitePaper_1.1_EN.pdf?1557845291
malta,,whirl,,"You can use WHIRL to get funding for just about anything, as long as it’s legal. Your dream could be a startup сompany, a charitable project, a gift, a holiday or even a new car. All you back someone else’s campaign before you seek backing for your own. WHIRL is ideal for people who don’t have the contacts, skills, or funds to campaign in other ways. By joining the WHIRL community, you can back people with similar dreams, and get their backing in return. WHIRL is not a typical crowdfunding platform tacked onto the blockchain; it offers a number of key improvements and innovations over legacy crowdfunding platforms.",WRL,26th Nov 2018,27th Aug 2019,https://whirl.com,Malta,https://whirl.com/WHIRL_WP.pdf
malta,,xcrypt,,"xCrypt is the first crypto ecosystem with a high added value in its Exchange Platform ready for Digital Assets and FIAT, Securities, STO and ERC721. We created this end to end system which includes a Debit Card and a Social Media Trading system which is an advanced investment solution, which enables trading on one account managed by a skill full and experienced trader using his own funds and joint funds invested by other traders in his SMT account. This ecosystem is made to be at the same level as the world’s big players, and even surpass them, for we are already suitable in this field’s future. . We believe that, in the near future, many changes in the cryptocurrencies field will occur, as well as in the trading field and in how this world is conceived. This is the reason why, after carefully developing its concept, since its host country allows it, xCrypt decided that its priorities are those of listing security tokens, having an appropriate and strategic marketplace for the ERC721",XCT,24th May 2019,30th Jun 2019,https://www.xcrypt.club,Malta,https://www.xcrypt.club/xCrypt-Whitepaper.pdf
russia,,aliencloud,0.631331,"AliensCoin - utility coin for AlienCloud platform. AlienCloud is not a startup. We build comfortable united platform for miners, traders and investors. Aliencloud now has functionality: cryptoexchange, cloud mining, IEO, contests for traders, mobile applications (beta, download from main page), payments from bank cards, cryptoindexes (beta). We build in future: 1) Alien Chain - own blockchain. 2) PAMM - accounts and trust management. 3) Own social network for traders and investors 4) DEX. 5) Masternodes plaftorm. 6) One account for Stocks&ETF, Currencies, Metals, Futures, Options, Funds, Bonds - buy all from crypto! 7) Shorts and margin orders. We plan to add bonuses for ALS holders: 1) discount for cloud mining. 2) the discount on the commission for exchange. 3) bonuses in the mining pool.",ALS,16th Apr 2019,17th Apr 2019,https://aliencloud.xyz,Russia,https://aliencloud.xyz/docs/whitepaper_v4.pdf
russia,,gexan,2.05597,"A new level of blockchain lotteries, which are developed for participants: 1. Hybrid algorithm (POW + POS) allow to mine Gex lottery tickets by GPU or staking 2. The players be able to install Masternodes for daily ticket collection. 3. Our team developed and integrated lottery Smart Contract (5/36), which enable to use Gex coins immediately after entering the exchanges. 4. 85% of the amounts of tickets sold will be sent to the prize fund of smart contract.",GEX,10th May 2019,27th May 2019,https://gexan.io,Russia,https://gexan.io/assets/theme/Gexan_whitepaper_ENG.pdf
russia,,guider,,"Guider helps to facilitate and speed up the search for a suitable guide for travelers, and helps guides to reach their potential! Our aim is to provide transparent service using blockchain technology and to ensure maximum compatibility between the guide and the traveler, from reviews and ratings, to personalized recommendations through neural analysis of accumulated and external Big Data.",GDR,1st Jun 2019,11th Jun 2019,https://token.guider.travel,Russia,https://token.guider.travel/WP_EN.pdf
russia,,membrana,0.6,"Why invest in Membrana Product. Working product (Public Beta) with over 3000 customers. Desktop and Mobile versions are released. Already 2888 trust management contracts concluded with $1,6M trading volume. Final release in Q4 2019. Rewards. Stack MBN tokens to receive profit in MBN tokens and BTC Team. Expert development team from Russia and worldwide network of brand managers and ambassadors. Supported by top experts from JP Morgan, CME, Goldman Sachs. Listing confirmed: Listing on 3 exchanges on 17th June - ABCC, Probit, Newaxall Community. High ratings on ICO trackers and big community - 80k telegram users. 2 US venture funds have already invested into the company. (Coinbar group and Firstblock Ventures) Token usage You can read detailed tokenomics and information about stacking rewards here: https://membrana.io/static/pdf/membrana_tokenomics.pdf Unsold tokens will be burned.",MBN,17th Jun 2019,9th Jun 2019,https://membrana.io,Cayman Islands,https://membrana.io/static/pdf/membrana_whitepaper_eng.pdf
russia,,viarium,1.32,"VIARIUM is a tool that will completely replace physical space. VIARIUM consists of a single virtual space that includes VR worlds and VR architecture of shopping centers, separate buildings, showrooms and other VR models created by the VIARIUM platform. The platform is intended for the widest audience. Participants and users of the project have a unique opportunity to create and develop their own sales outlets and entire virtual worlds. In addition to boosting sales, they get the opportunity for securing additional income.",VRX,15th Jul 2019,16th Jul 2019,https://en.viarium.io,Russia,https://en.viarium.io/en/files/VR_WP_ENG.pdf
singapore,,alphacon,,"Alphacon has the meaning of ' Health care Unicorn ' that opens the Alpha age. It is a platform to distribute healthcare data and provide personalized solutions with a banner of "Big Data Revolution in Healthcare" to solve problems where individuals are completely alienated from existing health care big data and platform industry. The name of cryptocurrency in circulation within the platform is ‘ALP’.",ALP,4th Jun 2019,25th Jun 2019,https://alphacon.io,Singapore,https://s3.ap-northeast-2.amazonaws.com/alphacon.io/whitepaper/alphaconWhitePaperEngVer12.pdf
singapore,,autonomy,,"The Autonomy token is an ERC-20 utility token which can be used for exchanging services on the Autonomy blockchain, such as: - Pay for transportation services provided by autonomous vehicles, for parking, recharging, insurance and other services - Receive ATNMY tokens for sharing traffic data with the smart-city infrastructure or other traffic participants (this is completely optional; data is aggregated & non-identifiable) - Purchase access to above traffic data to improve the road conditions & receive alerts The Autonomy token is not a security, an investment or a share in the company building Autonomy. It is a utility token, certified by a reputable law firm in Singapore as being compliant with the Singapore Law with regards to Utility Tokens. It DOES NOT pay dividends, interest and it does not offer any rights to ownership or decision making in the company building Autonomy. The token will be used and exchanged for services provided on the Autonomy blockchain network.",ATNMY,1st Jun 2019,10th Jun 2019,https://www.autonomychain.com,USA,https://www.autonomychain.com/AUTONOMY-Whitepaper-latest.pdf
singapore,,c estates,,"C Estates connects people around the world to seamlessly transact and conveniently buy and sell real estate properties. Whether to verify a document, confirm notarization, validate asset’s ownership, buy or sell a property or finding someone to manage properties, C Estates has got everything you need to do your business in one place.",XCET,31st Oct 2019,31st Dec 2019,https://www.cestates.io,Singapore,https://cestates.io/assets/download/cestates_whitepaper.pdf
singapore,,cazplus,,"We are a dynamic team of technology believers and geeks, focused on uniting modern-day technologies to build sustainable business entities. Caz project is a result of meticulous research and development aimed to create an environment, an eco-system where everything supports each other and sustain as a whole. Caz Eco-system has various products and services such as E-commerce marketplace, payments gateway, crypto currency exchange etc. We are using a combination of Blockchain, Fintech and AI technologies to improve profitability and to better deliver convenience, selection, data privacy and personalization to our customers.",CAZPLUS,15th Sep 2019,25th Oct 2019,https://www.cazplus.com,Singapore,https://www.cazplus.com/pdfs/CazPlus%20WP.pdf
singapore,,celer network,3.880597,"Celer Network is a coherent technology and economic architecture that brings Internet scale to existing and future blockchains through off-chain scaling techniques. It can scale out to billions of trust-free, secure, and private off-chain transactions per second. Celer Network is on a mission to fully unleash the power of blockchain and revolutionize how decentralized applications are built and used.",CELR,19th Mar 2019,24th Mar 2019,https://www.celer.network,Singapore,https://www.celer.network/doc/CelerNetwork-Whitepaper.pdf
singapore,,chars,30.0,"CharS Charging Chain Project is a fully independent charging service + information disclosure platform. It is a new social/economic network with user participation, revolutionizing the existing CharS Smart Charging service structure to create a cryptocurrency-based platform (CharS Smart Charging Chain). Unlike other projects which focus only on fundraising, our driving forces are practical execution and commercialization with participation/rewards/sharing through actual IoT charging devices.",CHARS,20th Mar 2019,31st Mar 2019,http://www.charsproject.com,Singapore,https://drive.google.com/file/d/1V4pw7x1h_svLWr9mU8HxuIwSaOoWruCK/view
singapore,,codemy,,"Beginning with the idea of a system that allows anyone young to old to study anywhere in the world beyond their family, social and cultural backgrounds, Codemy project was created as a result of efforts to capture solutions while doing many researches, having various experiences, and identifying social phenomena. It is the vision of Codemy that creates a platform for educational contents for which learners, teachers, and educational institutions collaborate all together. This includes functions such as curriculum management, relevant courses, and certification on course completion including all the education related contents as well as online software education mentioned before. environments and providing a new environment, it can achieve improvement in quantity and quality of education levels.",CDM,29th May 2019,5th Jun 2019,http://www.codemyedu.com/#,Singapore,https://codemyedu.com/pdf/CodemyEdu_White_paper_v2.0.pdf
singapore,,duo network,0.9411,"To help market participants navigate such volatile market conditions, we present a decentralized platform named DUO Network, which enables issuance, trading, and settlement of tokenized crypto derivatives. It mainly consists of Collateralized Autonomous Tokens (CAT), Price Oracle, CAT Exchange, and DUO Network Token. The platform aims to reduce risks and barriers in traditional derivative transactions, through collateralized smart contracts and distributed price feeds, thereby creating a transparent and autonomous derivative marketplace. DUO Network is a Singapore-based blockchain project initiated by FinBook Pte Ltd in the fall of 2017. The team came from diverse backgrounds with extensive experience in trading, consulting, blockchain, information technology, and entrepreneurship.",DUO,27th Apr 2019,27th Apr 2019,https://duo.network,Singapore,https://duo.network/papers/duo_economic_white_paper.pdf
singapore,,ecomi,10.458555,"ECOMI’s mission is to create the world’s best platform to purchase, protect and collect premium licensed digital collectibles using Distributed Ledger Technology. The ECOMI ecosystem is comprised of 3 key elements: - Secure Wallet (completed) At the size and thickness of a credit card, this true cold storage wallet is never wired to an online device and can store more than 700 cryptocurrencies, as well as non-fungible tokens (digital collectibles). -ECOMI Collect (see https://www.ecomicollect.com/)- The MVP of the ECOMI ecosystem, a platform/smartphone app to bring licensed and recognisable digital collectibles to the mainstream. -ECOMI Collect Digital Wallet Built using the impressive Secure Wallet technology, the ECOMI Collect digital wallet is designed to store only NFT's (digital collectibles) and the OMI token- the native token of the ECOMI ecosystem. It is designed as a retail product, and is expected to be rolled out to tech/gaming stores in late 2019.",OMI,12th May 2019,13th May 2019,https://www.ecomi.com,Singapore,https://drive.google.com/file/d/1c8LZjH9MwkM48p9kBbw10t4S0fno_z3u/view
singapore,,faireum,,"A Fair Gambling Blockchain Network for All Faireum is a public blockchain which focuses on the problems of the online gambling industry and resolves them with a set of protocols that provides a decentralized, low-cost, transparent and secure gambling experience. To achieve this, Faireum uses its token and game contract to guarantee users a premium betting experience and superb services across lottery, horse-betting, sports-betting, casino games, digital games and countless more.",FAIRC,25th Apr 2019,23rd Sep 2019,https://faireum.io,Singapore,https://faireum.io/assets/files/Faireum_whitepaper2.0_En.pdf
singapore,,fetch.ai,6.0,"Fetch.AI aims to create a decentralized digital network that facilitates an infinite number of marketplaces and user interactions and acts as a conduit for a new world of economic activity. Fetch.AI is built using an extended version of distributed ledger technology (DLT), and incorporates Artificial Intelligence (AI) and Machine Learning (ML) technology, combined with advanced measures of a trust protocol, to create a platform where autonomous software agents, working on behalf of their stakeholder (human owners, organisations, corporations) perform tasks such as delivering data or providing services.",FET,25th Feb 2019,25th Feb 2019,https://fetch.ai,Singapore,https://fetch.ai/technical-introduction
singapore,,mas coin,0.5,"Black G Limited (“Black G”) is a company incorporated in the United Kingdom that is the issuer of the MAS Coin. Its sister company, Davinco Singapore Investment Pte Ltd (“Davinco”) has the exclusive marketing rights for the coal and gold deposits. Black G is looking to raise US$ 20 million via an Initial Exchange Offering (IEO). The US$ 20 million equals MAS Coin issued at US $0.01 each. The proposed issuance of MAS Coin is to finance the on-going development of the Coking Coal Project in Kalimantan, Indonesia and the gold exploration projects in Indonesia and Zimbabwe. Black G goal is to create a new economic system for the mining industry that allows entrepreneurs and private individuals to participate in the creation of a new technological economy with a view to producing a profit for both groups. A Demand driven Business Model provides a constant demand for the MAS Coin. By integrating fiat payment gateways, MAS Coin aims to become a legitimate gateway of fiat into crypto, enhancing the entire ecosystem and accelerating mainstream adoption. The MAS Coin is an ERC20-based token is backed by some US$ 800 million worth of coal to be marketed. The token could be traded with Ether, LA and fiat currency such as United States Dollars. The offer will be opened from 8 July 2019 to 30 August 2019. For more information on MAS Coin and the IEO visit our website www.mascoin.co",MAS,23rd Jun 2019,24th Sep 2019,https://mascoin.co,Malaysia,https://mascoin.co/download/emas-coin-white-paper/
singapore,,multivac,16.2,"MultiVAC is the next-generation public blockchain designed for large-scale and complex distributed applications. MultiVAC's vision is to enable large-scale commercial DApps to integrate smoothly into our ecosystem, enabling everyone to quickly and easily use blockchain applications to improve their work efficiency and quality of life, thereby creating a trustworthy, fair and harmonious society.",MTV,3rd Apr 2019,7th Apr 2019,https://www.mtv.ac,Singapore,https://www.mtv.ac/assets/file/MultiVAC_Tech_Whitepaper.pdf
singapore,,natural eco carbon coin,,"URCC decentralizes the CER trading market and activates the campaign to reduce CER and reduce greenhouse gas emissions by a ton by one person through various means of payment, thus curbing extreme environmental damage and realizing the economic benefits of global companies.",NECC,13th Nov 2019,25th Dec 2019,http://www.urcc9.com/en/about/map.php,Singapore,https://drive.google.com/file/d/1xSdwKmSXXY30sHMduLGhRsjv_69oeyw1/view
singapore,,newton,1.107,"Technology is reshaping the world’s economies – and not always for the better. Newton provides blockchain infrastructure that focuses on a freer, fairer, and more open economy by providing the means for governance, collaboration, and motivation. Our technology stack, protocols and applications enable a community economy that fights for the public good, supported by a non-profit foundation with the vision that everyone should benefit from economic growth. This new kind of economy cuts out middlemen and puts more money in the pockets of both consumers and retailers. We’ve designed a complete economic model for tokens and business, made up of both human and machine nodes. Each node will receive NEW tokens based on their contribution to the economy, ensuring that all participants can benefit from Newton. Our first commercial application, NewMall, will launch at the end of 2018.",NEW,16th Apr 2019,16th Apr 2019,https://www.newtonproject.org,Singapore,https://www.newtonproject.org/whitepaper/
singapore,,octera,,"The award winning "Complete Integrated Blockchain Business Solution” platform for outstanding blockchain-power business case - Singapore 2019. A real-world accounting and fully-fledged business framework powered by Distributed Ledger and Artificial Intelligence",OT,1st Jun 2019,31st Aug 2019,https://octera.io,Singapore,https://octera.io/docs/OCTERA%20CIBBS%C2%A9%20Whitepaper%20EN.pdf
singapore,,pantheonx,0.018822,"PANTHEON X is a 4th generation financial platform that applies components of the blockchain system which provides transparency and reliability. It provides encyclopedic crypto financial services that can generate, trade, circulate and mediate security tokens based on stocks, bonds, and assets along with utility tokens. Based on the performance recorded on the blockchain, anyone can be an accredited crypto financial expert on PANTHEON X and investors can trade crypto financial products easily, safely, and quickly.",XPN,18th Apr 2019,28th Apr 2019,https://pantheonx.io,Singapore,https://drive.google.com/file/d/1eC1dGVQqmtHwcozjHW06zk5Tlo1G1cq1/view
singapore,,perlin,52.95,"Perlin is a highly scalable, PoS smart contract platform that achieves throughput of 31,000+ TPS and consistently has 0 to 4 second time to finality, all of which is made possible by Wavelet, a DAG-based probabilistic consensus mechanism. Perlin utilises leaderless PoS protocol which does not use committees or delegation, thereby ensuring the security properties of bitcoin but speeds comparable to private chains. Perlin is pursuing several adoption strategies but is currently focused on the $US 11 Trillion international trade market with its distribution partners such as the International Chamber of Commerce, Enterprise Singapore, Dubai Chamber of Commerce and others.",PERL,24th Aug 2019,25th Aug 2019,https://www.perlin.net,Singapore,https://wavelet.perlin.net/whitepaper.pdf
singapore,,rebglo,0.69435,"The Rebglo project seeks to address and improve on current cryptocurrency mining inefficiencies with a combination of software and hardware solutions. The Rebglo project is driven by the Rebglo token, an ERC-20 Token nestled on the Ethereum Block Chain. A total supply of 10 billion Rebglo tokens will be issued. Rebglo’s HETTARER is currently in production and will be ready to be delivered for global sales. The HETTARER technology improves battery life by 300 per cent and reduces charging times by 50 per cent. The integration of HETTARER technology into the L2 system is currently underway and should be ready for launch, together with the L2 system, in the coming months. Currently, REBGLO’s software mining enhancement solutions are already completed and poised to be rolled out for implementation on the mining farms. Mining efficiency has been benchmarked to improve by 17.2 per cent with the introduction of Data Transmission Technology. REBGLO’s L2 Optimized Mining solutions are currently under development and will be available exclusively to REBGLO mining farms in the near future. Current beta system tests have also proven that the L2 system will improve the mining hash rate efficiency by 160 per cent.",REB,26th Mar 2019,15th May 2019,https://rebglo.io,Singapore,
singapore,,smathium,,"SMATHIUM is a blockchain-based loyalty platform aiming to solve the key challenges facing traditional loyalty programs. A decentralized Application (dApp) where all businesses can create their own loyalty reward programs powered by a single token. A single united loyalty point system in small on/off-line retails around the globe involving everyday life. Cafe, restaurants, grocery store, and even shopping mall. Smathium aims to bridge various brands by building a multi-business loyalty reward platform that is open to all types of businesses. As a unified medium of exchange between users and brands, Smathium token can be used for transactions across all businesses registered on our platform and can be traded in exchanges. Moreover, Smathium is creating an additional feature where brands can connect their existing loyalty programs to a blockchain network.",SMT,5th Jun 2019,12th Jun 2019,https://smathium.io/?lang=en&utm_source=ico.tokens-economy.com,Singapore,https://drive.google.com/file/d/14AOnnmRhb74E1OQ0ggofj2ZlOcgIq3SH/view
singapore,,wish chain,,"We value and measure the experience of ecosystem participants and reward them with tokens. The experience can be linked to another purchasing experience through tokens that can be used for buying products/services. The accumulated experience is kept in a transparent and secured blockchain.",WISH token,27th Aug 2019,30th Aug 2019,https://wishchain.io,Singapore,https://s3.ap-northeast-2.amazonaws.com/wishchain/WhitePaper_en_v0.72.pdf
singapore,,zerobank,3.87,"With the innovation of blockchain and smart contract technologies, along with the sharing economy model, ZeroBank will disrupt the outdated transfer and exchange models centralized around “too-big-to-fail” banking and MTO systems by bringing out a “money barter” model fit right in the current position of world money market.",ZB,31st Mar 2019,31st Mar 2019,https://zerobank.cash,Singapore,https://drive.google.com/file/d/1VyyV2WksKE5xbmmwp_QjeK4Vf6YKEVfZ/view
switzerland,,auditchain,2.5,"Auditchain is the world's first Decentralized Continuous Audit & Financial Reporting Protocol Ecosystem for digital asset assurance and disclosure. The DCARPE Assurance and Disclosure Framework is a network of CPAs and Chartered Accountants who externally validate functional compliance of internal system and control environments as well as real time financial statement reporting. The DCARPE Explorer provides real time financial statement and audit analytics data to institutions and individuals. The DCARPE Explorer will offer subscriptions to audit analytics and financial detail, as well as tools that allow users to build dynamically updating actionable research reports that ultimately have the potential to mechanize the foresight of oncoming risk and transform sell-side and buy-side research.",AUDT,9th Feb 2019,9th Aug 2019,https://auditchain.com,Switzerland,https://auditchain.com/Auditchain-Whitepaper.pdf
switzerland,,digipharm,1.521804,"Digipharm bypasses infrastructural limitations to enable the implementation of flexible value-based pricing agreements using smart contracts, the development of unprecedented evidence platforms and the ability to reward patients for contributing their data. We aim to utilize innovative blockchain technology to overcome barriers to patient access and innovative pricing, reduce costs for all stakeholders, and bypass infrastructural limitations to drive value improvement, incentivize innovation and expedite the transformation to personalized healthcare. Our solutions aim to accelerate the much needed restructuring of healthcare delivery systems to a value-based approach.",DPH,18th Jun 2019,25th Jun 2019,https://digipharm.io,Switzerland,https://digipharm.ch/docs/DigipharmWP.pdf
switzerland,,goldenugget,,"GoldeNugget is an existing reality, with over 3,000,000.00 Euro’s already invested in West Africa for earth moving machines for the gold industry. Where you can really feel the dust, the noise, and the smell of business. Where people really have an objective, where people really see actual results in their hands at the end of the day. Call it “Old Economy”, however this business was once the actual value of money, the same money that still today allows you to purchase bread. So why not unite an old dirty but real business with new innovative industry such as Crypto in Switzerland where purchaser can rely on a predictable legal framework. GoldeNugget is the combination of decentralized blockchain technology and the most antique, reliable, value increasing and stable asset: GOLD! GoldeNugget is the first Crypto platform that allows it's ERC-20 Token (GNTO) holders to purchase or Dutch Auction it's Mined Gold. Goldenugget is the first Crypto platform that allows its Token (GNTO) holders to purchase or Dutch Auction its Mined Gold.",GNTO,1st Oct 2019,31st Oct 2019,https://www.goldenugget.ch,Switzerland,https://www.goldenugget.ch/wp-content/uploads/2019/09/whitepaper-goldenugget-1.3-en.pdf
switzerland,,iskra,,"First (educational): ISKRA allows you to access the database of training programs! Second (profitable): ISKRA can always be exchanged for diamonds according to the Rapaport price list + GIA + at least 10% discount! Third (available): ISKRA is added to any exchanges, it allows you to trade / exchange ISKRA for other cryptocurrencies. Fourth (bright): ISKRA opens for you a vote in the Lucem Fund: where and how to help children. Fifth (limited): limited quantity. A limited volume of ISKRA will not allow to seize power over a decentralized children’s fund!",CCOH,26th Jul 2019,22nd Aug 2019,https://iskra-coin.io,Switzerland,https://res2.weblium.site/res/5b2bd5200735b20028821564/5d21ad84e04df60023de05ee
switzerland,,kronn,,"Transfers usually take time and money, especially overseas transfers. It happens because of all the extra steps involved in banks like the confirmation process, Identity verification and many more. This results in many additional fees also. KRONN allows digital currency for the transfers of money across different individuals. The KRONN eXchange system allows for the real-time transfers of cryptocurrency between different individuals.",KREX,22nd Mar 2019,25th Mar 2019,https://kronn.net,Switzerland,https://kronn.net/file/Whitepaper%20v2.0.pdf
switzerland,,rapidz,,"RapidzPay is a decentralized payment gateway designed to make payments simple, fast, and hassle-free. It represents the next generation of payment service with unrivalled security and efficiency: Manage your cryptocurrencies in one place securely; Send and Receive supported cryptocurrencies; Pay for your purchases without worrying about transaction fees.",RPZX,14th May 2019,13th Jun 2019,https://www.rapidz.io,Switzerland,https://www.rapidz.io/wp-content/themes/rapidz/WP-en.pdf
switzerland,,sonocoin,1.206377,"SonoCoin is Swiss blockchain project offering data-over-sound solutions to enterprises based on its native blockchain protocol. The coin's .WAV file format gives anyone the power to transmit value and information using simple methods of delivery such as sound (similar to Shazam), messenger, QR and Bluetooth. SonoCoin’s blockchain platform is a “b-to-b-to-c” (b2b2c) model, where SonoCoin opens its blockchain platform to companies allowing the further development of its underlying technology to accommodate the needs of their customer base. SonoCoin’s value will be directly linked to the demand for ‘gas’ needed to process operations on the blockchain. As activity increases on the SonoCoin blockchain, the demand for SonoCoins to process transactions will rise.",SONO,1st Aug 2019,30th Nov 2019,https://sonocoin.io,Switzerland,https://sonocoin.io/dl/whitepaper.pdf
switzerland,,stonecoin,2.0,"THE STONE COIN is committed to creating an ecologically sustainable and democratic world. Besides commercial point of acceptance and ATMs, THE STONE COIN supports the crypto donations portal realworldinspire.org, which his open for any environmental or aid organization. Because of the 90 day period in which projects run, and because of the permanently increasing number of projects, an excess demand of THE STONE COIN tokens results, which has to be covered by the 4 exchanges (LaToken 22 Juy 2019, Bitinka 1 August 2019, a Asian and a European exchange). To stabilize THE STONE COIN, the net funds raised by the emission of the token will be invested in the development of a substantial mainly European real estate portfolio. From August 2019 onwards, an own wallet app will be available.",STO,21st Jun 2019,31st Jul 2019,https://www.thestonecoin.com,Switzerland,https://www.thestonecoin.com/whitepaper-english.pdf
UK,,airsave travel,,"Most people dream of being able to experience the world from a different viewpoint, but while it is one thing to dream, it is quite another thing to put together the finances to make it possible. Now, by the means of Bitcoin and our partnership with Smart Trip Platform (a decentralised ecosystem which connects travellers and travel service providers), you can combine the power of blockchain technology with your social network, and use AirsaveTravel Coin (ASTC) to save and earn money toward your travel goals. Airsave Travel is currently a centralised app available on the App Store with its decentralised application (DApp), being built in 2019. It is the one click technology which requires no sign in, login or install. Airsave Travel utilizes blockchain technology to seamlessly attract, authenticate and reward all users within its ecosystem who want to save and earn money for their travels - together.",ASTC,1st May 2019,31st Jul 2019,http://www.airsavetravel.com,UK,https://www.airsavetravel.com/doc/Whitepaper_ASTC_Buy.pdf
UK,,aivia,1.0,"Choose the best Traders and Trading Bots and link them in one click. Your deposit stays in your crypto exchange account. You retain complete control over your assets. The Trader will manage your account via API key. Our mission is to provide the opportunity for investors to profit in a fast, convenient, secure, transparent and reliable manner from crypto asset management by employing the best Traders and cutting edge technology for the newest and best strategies and risk management.",AIV,20th Apr 2019,10th May 2019,https://aivia.io,UK,
UK,,band protocol,10.0,"Band Protocol is a secure and scalable decentralized oracle, serving as a layer-2 protocol on public blockchains. It allows dApps to leverage existing data on the internet without trusted intermediaries, bridging the use cases between Web 2.0 and 3.0. Band’s unique multi-token model and staking mechanism ensure that data is free from manipulation. By making data readily available and reusable on-chain, Band Protocol offers a cheaper and faster solution compared with alternatives, all without compromising security. Developers using Band Protocol will be able to build a wider range of dApps with integration to off-chain financial data, reputation scores, identity management systems, and much more, bringing blockchain closer to mass adoption.",BAND,16th Sep 2019,29th Sep 2019,https://bandprotocol.com,UK,https://bandprotocol.com/whitepaper-3.0.1.pdf
UK,,bankaero,,"The Bankaero project began in April 2018, with the goal of creating an innovative fintech start-up tasked with providing high-quality, secure banking services to private individuals and organisations, in compliance with all legal regulations that govern this field of business, and implementing the blockchain technology by developing a simple and convenient financial product that can become a bridge between the monetary and digital economy.",BANKAERO,22nd Oct 2019,15th Nov 2019,https://bankaero.com,UK,https://token.bankaero.com/bankaero-whitepaper.pdf
UK,,centex,0.265936,"CENTEX, a privately held financial technology company incorporated in the UK, operates crypto currency trading, and provides numerous other cryptocurrency and crypto asset related products and services such as DEX, IEO Launchpad, CRC-10 and CRC-20 token issuance, smart contract-based automated trading, P2P atomic swaps, blockchain based deposits (Deposinodes). CENTEX creates cryptocurrency financial center with the help of advanced blockchain technologies. Our mission is to bring the financial services on crypto assets to the new level. CENTEX team develops state of art platform to provide much comfortable, convenient, safe and inexpensive services to customers across the globe. No matter what user role a person decides to take while interacting with CENTEX, be an investor, a trader, a IEO holder or a referrer - our primary concern is making sure they are guaranteed to enjoy the CENTEX experience and make the most out of it.",CNTX,18th Jun 2019,1st Nov 2019,https://centex.io,UK,https://centex.io/s_files/CENTEX_WP_V1_0_3.pdf
UK,,coinxes,0.193899,"Coinxes is an ICO/STO trading tool that features a dedicated ICO tokens counter. Investors can now buy ongoing ICO/STO tokens listed on Coinxes platform using their local currency(fiat) or any form of payment listed on Coinxes platform including CXG and other cryptocurrencies. The platform allows trade in over 50+ languages and most importantly investors can buy ICO without any geographical restriction (this is subject to local law). Coinxes is a decentralized P2P cryptocurrency exchange that allows individuals to buy and sell cryptocurrencies peer to peer in a safe environment. The platform connects buyers and sellers through an escrow system that is safe and sells cryptocurrency fast.",CXG,1st Apr 2019,30th Sep 2019,https://www.coinxes.io,UK,
UK,,curate,,"CURATE is a blockchain-based fashion platform centered round fashion discovery between individuals and firms alike. It can be likened to a social media network focused on fashion lovers and enthusiasts, but in this case also utilizes the decentralised blockchain network as a payment infrastrucure means of providing royalties and rewarding content creators. We simply appreciate the effort everyone puts into being creative and such creativity is rewarded for everyone to display their workmanship skills, and thererefore be incentivised in the process. Please Check out our New Update Video : https://www.youtube.com/watch?v=DR6GrEuDo9o",CUR8,16th Sep 2019,18th Nov 2019,https://curate.style,UK,https://curate.style/whitepaper.pdf
UK,,dayta,,"The Dayta vision is to solve multiple data protection, consent and privacy issues all at once. The team has designed a roadmap to build a secure, easy-to-use and robust personal information Dapp and exchange mechanism within an integrated, digital ecosystem. Our aim to ensure all participants from companies to users protect and profit from a unified personal information blockchain which will ensure efficient data audit and transparent smart contracts and agreements.",DAYTA,21st Jun 2019,28th Sep 2019,https://www.mydayta.io,UK,https://www.mydayta.io/uploads/white_paper/Whitepaper.pdf
UK,,global property register,,"Global Property Register -Where Blockchain and Artificial Intelligence Meet. Global Property Register - the world’s FIRST and ONLY universal real estate register! Short for GPR, Global Property Register is the first of its kind - a global register and property exchange covering both developed and developing countries alike. GPR delivers proof of ownership for the estimated 4.5 billion people globally who are not covered (around $20-trillion in value), reconnecting them to the real estate and financial markets. Additional analytical solutions and tools, powered by artificial intelligence, empower property owners to make smarter decisions. Our vision is to educate the global population through a new kind of social network, available to (and accessible by) all. Join us as we fight for financial inclusion worldwide.",XRX,26th May 2019,1st Dec 2019,https://globalpropertyregister.io,UK,https://globalpropertyregister.io/wp-content/uploads/2019/03/revised-wp2.pdf
UK,,hinto,,"Hinto.win is a next generation betting tips provider that uses advanced mathematical algorithms to predict the outcomes of sports matches, thereby generating impressive profits for its users. Between April 2018 and May 2019, the Hinto Algorithm created 693 betting tips, of which 560 were correct (81%). This generated a 12.1% monthly Return on Investment (ROI) for users who followed the platform's exact instructions. The Hinto Token is an ERC20 utility token which promises investors an attractive discount on the basic Hinto.win membership plan, as well as exclusive access to yet more profitable, advanced plans. Funds collected in this IEO will be used to fuel the further development of the Hinto ecosystem, including improvement of the Hinto Algorithm itself.",HNT token,6th Aug 2019,20th Aug 2019,https://hinto.win,UK,https://hinto.win/hinto-white-paper.pdf
UK,,medilives,0.5,"MediLiVes has brought an opportune moment for a major and much-needed disruption of the current healthcare system. With telemedicine infusion with technology, doctors and patients alike can manage care remotely, increasing efficiency and outcomes.",MLIV,1st Oct 2019,30th Nov 2019,https://medilives.io,UK,https://medilives.io/documents/english_mediLiVes_whitepaper_v1.0.pdf
UK,,mpcx,0.24339,"MPCX is a Digital Crypto Wealth Management blockchain driven financial services platform for innovative crypto investors. The MPCX's unique products are tailored to our clients including Investable Crypto Indices and the Digital Smart Investment Mandate. At MPCX we apply a holistic approach. We will aggregate all crypto services into one place, will create in house blockchain solutions for digital wealth management, cryptocurrency exchange and trading, digital banking and then expand our expertise to traditional asset classless. We have decided to begin with Digital Crypto Wealth Management Platform to manage portfolios of crypto assets of innovative investors.",XDMC,28th Jun 2019,30th Sep 2019,http://mpcx.co,UK,https://bit.ly/2UTZox4
UK,,nuvo,,"Nuvo is a blockchain network on which decentralized, regionally-focused social media communities can be built. It is defined by two core features of (i) an unbiased, uncensorable news feed, and (ii) automatic payment in Nuvo tokens for participation on social networks; with participation including posting content, sharing content, and voting or commenting on content. Through a chain-based voting process, communities built on Nuvo automatically filter out low-quality content, fake news, and postings that are irrelevant or in poor taste. With a model that pays users for engagement, community members are incentivized to post and share high-quality, high-integrity content, as well as to vote/comment corresponding to what they feel about postings that they see, so that what shows up in a user’s news feed reflects the opinions of the community’s actual members; uninfluenced by any advertising algorithm or political agenda.",NUVO,19th Apr 2019,19th May 2019,https://jamaa.com,UK,https://jamaa.com/docs/whitepaper
UK,,rachelx,,"RachelX revolutionizes the erotic market and combines the oldest business in the world with a fantastic virtual future. Be a part of it. Experience your extraordinary erotic adventure as your own avatar in the fantastic virtual RachelX world. We build the bridge between virtual and real erotic experience. RachelX offers the platform for virtual and real services. In addition, RachelX Virtual incorporates the latest virtual reality technology. Hot models, scanned centimeter by centimeter in the 3D body scanner, enjoy your RachelX model in virtual reality. RachelX Pure Scan your body in the RachelX Interactive erotic studio 3D-Body Scanner and experience your sexual fantasies as your own avatar with the dream model of your choice. With RachelX Live, you can meet your model in real life, enjoy her diverse services, smell her, kiss her, love her and have a wonderful real time with her.",RACH,15th Aug 2019,31st Oct 2019,https://www.rachelx.co.uk,UK,https://www.rachelx.co.uk/storage/2019/07/World-of-Rachel-White-Paper-V1.pdf
UK,,tron game global,80.0,"TRON GAME GLOBAL PAY is a project that is currently laying the groundwork for Internet decentralization. The TRON GAME GLOBAL protocol is one of the world's largest block-based decentralized operating system.",GTP,13th Jun 2019,14th Jun 2019,https://trongameglobal.network,UK,https://drive.google.com/file/d/1GMshichkQEjbPtRuyy4wh7GgFlySio3m/view
UK,,zeux,2.6712,"Zeux is a blockchain based financial ecosystem company, building the world's first crypto mobile payment app that uses the world’s first integrated crypto & fiat investment platform. By partnering with a long list of financial institutions in both the fiat and crypto worlds, we are merging these different financial services combining mobile payment, banking, and investment services into one application. To participate the token sale: https://latoken.com/ico/ETH-ZUC",ZUC,7th Jun 2019,5th Jul 2019,https://www.zeux.tech,UK,https://www.zeux.tech/assets/PDF/ZEUX-White-paper-Eng.pdf
USA,,ampleforth,5.0,"The smart commodity money with a unique elastic supply protocol. AMPL supply expands and contracts in response to it’s price deviating from a 1 USD target. Deviations result in a supply change of AMPLs once every 24 hours, increasing or decreasing the number of tokens in each holder’s wallet pro-rata. Ampleforth is the only asset in the world with this elastic supply property, and therefore has counter-cyclical trading pressure and is uncorrelated with other digital assets such as Bitcoin.",AMPL,27th Jun 2019,28th Jun 2019,https://www.ampleforth.org,USA,https://www.ampleforth.org/paper/
USA,,autonomy,,"The Autonomy token is an ERC-20 utility token which can be used for exchanging services on the Autonomy blockchain, such as: - Pay for transportation services provided by autonomous vehicles, for parking, recharging, insurance and other services - Receive ATNMY tokens for sharing traffic data with the smart-city infrastructure or other traffic participants (this is completely optional; data is aggregated & non-identifiable) - Purchase access to above traffic data to improve the road conditions & receive alerts The Autonomy token is not a security, an investment or a share in the company building Autonomy. It is a utility token, certified by a reputable law firm in Singapore as being compliant with the Singapore Law with regards to Utility Tokens. It DOES NOT pay dividends, interest and it does not offer any rights to ownership or decision making in the company building Autonomy. The token will be used and exchanged for services provided on the Autonomy blockchain network.",ATNMY,1st Jun 2019,10th Jun 2019,https://www.autonomychain.com,USA,https://www.autonomychain.com/AUTONOMY-Whitepaper-latest.pdf
USA,,bittorrent,7.128,"BitTorrent (BTT) allows content creators to connect with their audience, earn and spend digital currency without a middleman. By connecting the BitTorrent peer-to-peer network to the TRON blockchain, we offer a new experience to over 100M+ users.",BTT,28th Jan 2019,28th Jan 2019,https://www.bittorrent.com,USA,https://www.bittorrent.com/btt/btt-docs/BitTorrent_Token_Whitepaper.pdf
USA,,blackpearl,,"A truly decentralized public blockchain network which enables mobile devices, PC, Cloud/ Data Center servers to run as nodes. Enables worldwide use (7B people) and 10T devices to run simultaneously, with millions TPS and seconds latenc. 1000x speed increase; fully secure, low power consumption (10^-9)x and super low transaction cost ($0.05/T. An infrastructure with expandable throughput which can enable enterprise level decentralized applications",BPLC,25th Jul 2019,7th Aug 2019,https://blackpearlchain.io,USA,https://blackpearlchain.io/wp-content/uploads/2019/05/blackpearl5_Issuer_version_1_0_1.pdf
USA,,captive,,"Advertising is annoying for consumers and costly for businesses! Like most peer-to-peer ecosystems (Uber & Airbnb), we are minimizing the "middle-man" in the advertising equation and connecting businesses and consumers in a more mutually beneficial way. Continue reading below to find out how Captive App is combining blockchain and augmented reality to recreate a better advertising experience for you!",CAPCT,16th Sep 2019,16th Nov 2019,https://captiveapp.com/,USA,https://captiveapp.com/captivewhitepaper.pdf
USA,,creditcoin,2.0,"The Flatlay marketplace supports the global democratization of commerce with technology. The team's focus is on making e-commerce monetization accessible to anyone by removing the borders & restrictions for global participation using the Creditcoin token. The blockchain-based network enables content creators, brands & publishers to interact securely without restriction versus the legacy marketplace infrastructures & regulations of today.",CCOIN,14th Jan 2019,30th Sep 2019,https://cointoken.io,USA,https://cointoken.io/COINTOKEN-HOME_files/Whitepaper.pdf
USA,,cybr,2.0,"The CYBR Ecosystem is a holistic, cyber security solution for the blockchain which ensures secure smart transactions occur via a portal designed to provide real-time safeguards, countermeasures and threat intelligence to the CYBR community as well as other crypto entities and exchanges who rely on our cyber security solutions. CYBR ecosystem is powered by BlindSpot, a proprietary, powerful CYBR security engine which identifies and disrupts bad actor and associated illicit file activity that seeks to affect the confidentiality, integrity and availability of crypto smart contract transactions. CYBR commercializes and monetizes emerging threat intelligence by turning the data into actionable intelligence. CYBR users are rewarded with CYBR tokens for their direct threat intelligence contributions to the CYBR ecosystem.",CYBR,23rd Jun 2019,3rd Jul 2019,https://cybrtoken.io,USA,https://cybrtoken.io/wp-content/uploads/2018/09/cybr-whitepaper.pdf
USA,,dos network,1.7,"DOS Network - A Decentralized Oracle Service supporting multiple heterogeneous blockchains. DOS Network brings real word data, event and computation power to smart contract in a secure, reliable, efficient and scalable way.",DOS,11th Apr 2019,11th Apr 2019,https://dos.network,USA,https://docsend.com/view/ak3rdft
USA,,fr8 network,1.213222,"The $700B US trucking industry is the backbone of American commerce with 80% of all cargo transported overland by trucks, yet it is plagued with inefficiency and ultimately controlled by a bloated intermediary brokerage system whose incentives are not aligned with the true stakeholders. Imagine forming a blockchain platform bringing together shippers, carriers, truckers and brokers where they can place and track orders, assess performance records, compare pricing and extend credit. Add in a set of decentralized applications (DApps) linking up these stakeholders--and a new digital token speeding their transactions--and you could cut billions of dollars in inefficiencies from the $700 billion-dollar-a-year trucking industry. That is the vision of Fr8 Network, a newly formed upstart that aims to take the pain out of shipping by targeting, in particular, the $66 billion a year in fees exacted by some 16,000 middleman brokerages. Some key points: · Potential savings are huge. Trucks travel an astounding 29.6 billion miles every year only partially loaded or entirely empty--a waste of capacity even as businesses struggle with a shortage of drivers. · Cut that unused capacity in half, and we could save $30 billion a year in fuel costs and reduce carbon emissions from trucks by 100 million tons per year, 20% of their total carbon output. · By matching customers to and carriers online, the industry could sidestep broker fees that pose up to 20% of the cost of shipping goods; cut fees in half and the industry saves some $30 billion.",FR8,16th Apr 2019,22nd May 2019,https://fr8.network,USA,https://drive.google.com/file/d/17UV10bQIOHBbGtcpKPYSeIgnD2jTo70H/view
USA,,gtex gaming platform,,"GTEX PoA Network is blockchain designed specifically for gaming. By using Proof of Authority technology to validate transactions, GTEX PoA Network will have the fastest transaction speed and make our chain home of decentralized gaming. GTEX Token will provide a wide variety of benefits to its holders. Lower transaction fees, access to newest games and exclusive game token airdrops are going to be just some of the benefits for GTEX Token holders. IMPORTANT NOTE: GTEX is conducting token pre-sale through IEO. GTEX will not do the ICO. In order to join our pre-sale, go to Coineal exchange and find us on their Launchpad (https://h5.coineal.com/ieo-10026.html#en_US).",GTEX,12th Apr 2019,23rd Apr 2019,https://gtexgame.io,USA,https://www.gtexgame.io/gtex-whitepaper.pdf
USA,,harmony,23.0,"Harmony is a fast and secure blockchain with key innovations in state sharding and peer-to-peer networking.",ONE,28th May 2019,29th May 2019,https://harmony.one/team,USA,https://harmony.one/whitepaper.pdf
USA,,oath protocol,,"Traditional decision-makers are being replaced by smart contracts. Code, however, is limited by itself and cannot execute when the parties involved face a conflict. Oath Protocol gives back power to general users who become jurors and then decide what should be done. In fact, any regular user can participate and give his/her opinion while our categorized random algorithm & built-in credit level system prevent collusion and increase accuracy of the verdict. Being a layer two chain-agnostic solution, Oath Protocol connects to public chains or dApps. The current partner network includes world-class chains such as NEM, Qtum, HPB, MOAC and many more. In addition, Oath Protocol can be implemented to replace centralized customer services on traditional internet platforms in e-commerce, rentals or data analysis.",OATH,11th Apr 2019,11th Apr 2019,https://oaths.io,USA,https://www.oathprotocol.com/files/OATH-Whitepaper-EN.pdf
USA,,robin8,,"The KOL Token is to launch a KOL Token Exchange Project and fund the global expansion of the Robin8 PUT empowered influencer platform Robin8.com. The KOL Token Exchange will offer the services to enable KOLs to create their own tokens to build their influence on a whole new level, support projects and charities, and offer loyalty rewards or special incentives for fans who get the tokens. Robin8 believes it will be commonplace for KOLs, celebrities, and companies to create their own branded “tokens,” so they have a powerful way to engage with and reach fans using a peer-to-peer, transparent system on blockchain.",KOL,28th Aug 2019,29th Aug 2019,https://koltoken.io,USA,https://koltoken.io/wp-content/uploads/2019/08/whitepaper-1.pdf
USA,,sessia,3.0,"SESSIA’s team has developed a unique iOS and Android software that eliminates the technological debt issue of many companies in less than 10 minutes. Using all the advantages of blockchain technology, Sessia presents a new way of communication between businesses and customers. We call it «social marketplace» - an ecosystem where brands can simply develop and apply effective promotional tools by sharing the purchases of their client with their Friends and followers. SESSIA’s team has developed a unique iOS and Android software that eliminates the technological debt issue of many companies in less than 10 minutes. It provides businesses with 6 Sessia products in one place: SessiaPay – provides any business with instant crypto merchant account. SessiaMarket – allows offline business to launch e-commerce with maximum ease and speed. SessiaCRM – a smart CRM system with integrated AI features. SessiaSMM – an innovative approach on how to advertise products and services to the friends and followers of their current clients. SessiaLoyalty – the first globally connected cryptocurrency cashback system in the world with instant payouts. SessiaLogistics – ability to easily integrate with all the logistic companies without API. Sessia is absolutely free for businesses, and a personal manager is provided to each company. We make money by charging a 20% commission fee on the cashbacks and kickbacks that business is providing to it's customers using Sessia app.",KICKS,17th Jul 2019,20th Jul 2019,https://sessia.com,USA,https://www.sessia.com/stasic/doc/wp_eng-2018.compressed.pdf
USA,,stan world,,"Digital revolution has changed entertainment forever. The Stars and Brands that took action and evolved became mega franchises while the others, dinosaurs. Now blockchain revolution is changing things even more: activating real ownership, complete globalization, and equal opportunity. Stan World is a virtual world platform where Stars & Brands launch their virtual resorts in a virtual world powered by blockchain. A virtual resort consists of “fan-fantasy” experiences and activities such as virtual concerts, nightclubs, shopping malls, galleries, rides and generates revenue from ads, goods, and services.",STAN,24th Oct 2019,30th Nov 2019,https://stan.world,USA,https://drive.google.com/file/d/1Pu1t4vRxQs5Ef2DveoKdpu0e6ghHVSFy/view?usp=sharing
USA,,turnple,,"TRP is aiming at the blockchain cryptocurrency which is accepted in the global market, starting from Europe, USA, Japan, China and Korea. The TRP will be used in real life as a hybrid TRP optimized for online payment and off-line payment by combining a fixed value blockchain pay and a blockchain with variable value. In the case of coins that introduced the concept of platform for the first time, due to the variability of mileage value and TRP value, uncertain transactions between consumers and merchants were made due to the change of coin price at the moment of purchase. For this reason, it's hinders the development of the platform and destroys the growth structure of the platform. By complementing these disadvantages, we have created a TRP that will be used throughout the financial market. If the TRP which was not suitable for payment due to the variability is exchanged with the TRP PAY, it can be used as a product purchase or service payment method with a fixed value. The TRP global platform will provide services around the world through our network of sports, real estate, entertainment, home shopping, medical services, leisure industry, luxury shop, culture service etc. The TRP is not an existing mileage or point concept, but an anonymity, security, and cost savings through the combination of blocked pay and blocked coins and it will become a financial coin when used as a payment method. Because there is no fee, on/offline merchants and consumers can save on commission costs. TRP will lead to more various forms of affiliate partnership services in on/off line bank payment, QR code, bar code, PG service and card service.",TRP,13th Jun 2019,18th Jun 2019,http://www.turnple.net,null,https://trpcoin.com/img_up/shop_pds/turnple/design/pdf/trpebusdup.pdf
USA,,usscyber,,"The World Sports Coin Exchange (WSCE) network is a global blockchain for sports tokens. It uses a unique algorithm that is based on blockchain technology to evaluate teams based on their data. Like the stock market, the value of each team’s token will fluctuate according to the team’s matches in their respective leagues and cups throughout the year affecting their token price. Live data is used by the algorithm to achieve the valuation calculation.",WFCE,15th Oct 2019,31st Oct 2019,https://usscyber.com,USA,https://www.dropbox.com/s/74vbh6rq4tq7a3r/WhitepaperV12.1.pdf
USA,,veriblock,7.0,"We develop Decentralized, Trustless, Transparent and Permissionless Blockchain Solutions. Inventor of the Proof-of-Proof (”PoP”) Consensus Protocol and the Blockchain of Custody® PoP mining enables blockchains to inherit and leverage the Proof of Work from a superior blockchain such as Bitcoin. Blockchain of Custody® provides high-volume data integrity services for law enforcement, healthcare, and beyond.",VBK,2nd Apr 2019,5th Apr 2019,https://www.veriblock.com,USA,https://www.veriblock.org/wp-content/uploads/2018/03/PoP-White-Paper.pdf
USA,,zoptax,,"What is Zoptax and what problem it solves? Zoptax is truly decetralized VOIP application which provide complete security for its user when they are connected to each other using Zoptax Network. Becuase of blockchain there is no possiblity of centralized authorities to intercept between a connection. First live version of zoptax app is also available on Google Play Store. https://play.google.com/store/apps/details?id=com.zoptax&hl=en Zoptax Coin will be used to make calls and the coins will be rewarded/paid to the node holders running Zoptax Bone (VOIP Algorithm) as a network fee.",ZPT,15th Jun 2019,30th Jul 2019,https://www.zoptax.com,USA,https://www.zoptax.com/whitepaper.pdf
